Tomcat started.
06-Dec-2025 23:16:02.548 INFO [main] org.apache.catalina.startup.VersionLoggerListener.log Server version name:   Apache Tomcat/10.1.20
06-Dec-2025 23:16:02.558 INFO [main] org.apache.catalina.startup.VersionLoggerListener.log Server built:          Mar 19 2024 12:49:58 UTC
06-Dec-2025 23:16:02.559 INFO [main] org.apache.catalina.startup.VersionLoggerListener.log Server version number: 10.1.20.0
06-Dec-2025 23:16:02.559 INFO [main] org.apache.catalina.startup.VersionLoggerListener.log OS Name:               Linux
06-Dec-2025 23:16:02.559 INFO [main] org.apache.catalina.startup.VersionLoggerListener.log OS Version:            6.6.87.2-microsoft-standard-WSL2
06-Dec-2025 23:16:02.560 INFO [main] org.apache.catalina.startup.VersionLoggerListener.log Architecture:          amd64
06-Dec-2025 23:16:02.560 INFO [main] org.apache.catalina.startup.VersionLoggerListener.log Java Home:             /nix/store/0n8rsyvlwy87bqb7151si4c4ifqcp31c-openjdk-21+35/lib/openjdk
06-Dec-2025 23:16:02.560 INFO [main] org.apache.catalina.startup.VersionLoggerListener.log JVM Version:           21+35-nixos
06-Dec-2025 23:16:02.560 INFO [main] org.apache.catalina.startup.VersionLoggerListener.log JVM Vendor:            Oracle Corporation
06-Dec-2025 23:16:02.560 INFO [main] org.apache.catalina.startup.VersionLoggerListener.log CATALINA_BASE:         /home/commesse/nuovo-nix/tomcat10
06-Dec-2025 23:16:02.560 INFO [main] org.apache.catalina.startup.VersionLoggerListener.log CATALINA_HOME:         /home/commesse/nuovo-nix/tomcat10
06-Dec-2025 23:16:02.578 INFO [main] org.apache.catalina.startup.VersionLoggerListener.log Command line argument: -Djava.util.logging.config.file=/home/commesse/nuovo-nix/tomcat10/conf/logging.properties
06-Dec-2025 23:16:02.579 INFO [main] org.apache.catalina.startup.VersionLoggerListener.log Command line argument: -Djava.util.logging.manager=org.apache.juli.ClassLoaderLogManager
06-Dec-2025 23:16:02.579 INFO [main] org.apache.catalina.startup.VersionLoggerListener.log Command line argument: -Djdk.tls.ephemeralDHKeySize=2048
06-Dec-2025 23:16:02.579 INFO [main] org.apache.catalina.startup.VersionLoggerListener.log Command line argument: -Djava.protocol.handler.pkgs=org.apache.catalina.webresources
06-Dec-2025 23:16:02.579 INFO [main] org.apache.catalina.startup.VersionLoggerListener.log Command line argument: -Dorg.apache.catalina.security.SecurityListener.UMASK=0027
06-Dec-2025 23:16:02.579 INFO [main] org.apache.catalina.startup.VersionLoggerListener.log Command line argument: --add-opens=java.base/java.lang=ALL-UNNAMED
06-Dec-2025 23:16:02.579 INFO [main] org.apache.catalina.startup.VersionLoggerListener.log Command line argument: --add-opens=java.base/java.io=ALL-UNNAMED
06-Dec-2025 23:16:02.579 INFO [main] org.apache.catalina.startup.VersionLoggerListener.log Command line argument: --add-opens=java.base/java.util=ALL-UNNAMED
06-Dec-2025 23:16:02.579 INFO [main] org.apache.catalina.startup.VersionLoggerListener.log Command line argument: --add-opens=java.base/java.util.concurrent=ALL-UNNAMED
06-Dec-2025 23:16:02.579 INFO [main] org.apache.catalina.startup.VersionLoggerListener.log Command line argument: --add-opens=java.rmi/sun.rmi.transport=ALL-UNNAMED
06-Dec-2025 23:16:02.580 INFO [main] org.apache.catalina.startup.VersionLoggerListener.log Command line argument: -Dcatalina.base=/home/commesse/nuovo-nix/tomcat10
06-Dec-2025 23:16:02.580 INFO [main] org.apache.catalina.startup.VersionLoggerListener.log Command line argument: -Dcatalina.home=/home/commesse/nuovo-nix/tomcat10
06-Dec-2025 23:16:02.580 INFO [main] org.apache.catalina.startup.VersionLoggerListener.log Command line argument: -Djava.io.tmpdir=/home/commesse/nuovo-nix/tomcat10/temp
06-Dec-2025 23:16:02.581 INFO [main] org.apache.catalina.core.AprLifecycleListener.lifecycleEvent The Apache Tomcat Native library which allows using OpenSSL was not found on the java.library.path: [/usr/java/packages/lib:/usr/lib64:/lib64:/lib:/usr/lib]
06-Dec-2025 23:16:03.050 INFO [main] org.apache.coyote.AbstractProtocol.init Initializing ProtocolHandler ["http-nio-8080"]
06-Dec-2025 23:16:03.084 SEVERE [main] org.apache.catalina.util.LifecycleBase.handleSubClassException Failed to initialize component [Connector["http-nio-8080"]]
	org.apache.catalina.LifecycleException: Protocol handler initialization failed
		at org.apache.catalina.connector.Connector.initInternal(Connector.java:1016)
		at org.apache.catalina.util.LifecycleBase.init(LifecycleBase.java:127)
		at org.apache.catalina.core.StandardService.initInternal(StandardService.java:554)
		at org.apache.catalina.util.LifecycleBase.init(LifecycleBase.java:127)
		at org.apache.catalina.core.StandardServer.initInternal(StandardServer.java:1017)
		at org.apache.catalina.util.LifecycleBase.init(LifecycleBase.java:127)
		at org.apache.catalina.startup.Catalina.load(Catalina.java:708)
		at org.apache.catalina.startup.Catalina.load(Catalina.java:731)
		at java.base/jdk.internal.reflect.DirectMethodHandleAccessor.invoke(DirectMethodHandleAccessor.java:103)
		at java.base/java.lang.reflect.Method.invoke(Method.java:580)
		at org.apache.catalina.startup.Bootstrap.load(Bootstrap.java:302)
		at org.apache.catalina.startup.Bootstrap.main(Bootstrap.java:472)
	Caused by: java.net.BindException: Address already in use
		at java.base/sun.nio.ch.Net.bind0(Native Method)
		at java.base/sun.nio.ch.Net.bind(Net.java:565)
		at java.base/sun.nio.ch.ServerSocketChannelImpl.netBind(ServerSocketChannelImpl.java:344)
		at java.base/sun.nio.ch.ServerSocketChannelImpl.bind(ServerSocketChannelImpl.java:301)
		at org.apache.tomcat.util.net.NioEndpoint.initServerSocket(NioEndpoint.java:239)
		at org.apache.tomcat.util.net.NioEndpoint.bind(NioEndpoint.java:194)
		at org.apache.tomcat.util.net.AbstractEndpoint.bindWithCleanup(AbstractEndpoint.java:1307)
		at org.apache.tomcat.util.net.AbstractEndpoint.init(AbstractEndpoint.java:1320)
		at org.apache.coyote.AbstractProtocol.init(AbstractProtocol.java:624)
		at org.apache.coyote.http11.AbstractHttp11Protocol.init(AbstractHttp11Protocol.java:77)
		at org.apache.catalina.connector.Connector.initInternal(Connector.java:1014)
		... 11 more
06-Dec-2025 23:16:03.086 INFO [main] org.apache.catalina.startup.Catalina.load Server initialization in [802] milliseconds
06-Dec-2025 23:16:03.162 INFO [main] org.apache.catalina.core.StandardService.startInternal Starting service [Catalina]
06-Dec-2025 23:16:03.163 INFO [main] org.apache.catalina.core.StandardEngine.startInternal Starting Servlet engine: [Apache Tomcat/10.1.20]
06-Dec-2025 23:16:03.178 INFO [main] org.apache.catalina.startup.HostConfig.deployDirectory Deploying web application directory [/home/commesse/nuovo-nix/tomcat10/webapps/commesse]
06-Dec-2025 23:16:03.560 INFO [main] org.apache.catalina.startup.HostConfig.deployDirectory Deployment of web application directory [/home/commesse/nuovo-nix/tomcat10/webapps/commesse] has finished in [380] ms
06-Dec-2025 23:16:03.565 INFO [main] org.apache.catalina.startup.Catalina.start Server startup in [477] milliseconds
06-Dec-2025 23:16:03.572 SEVERE [main] org.apache.catalina.core.StandardServer.await Failed to create server shutdown socket on address [localhost] and port [8005] (base port [8005] and offset [0])
	java.net.BindException: Address already in use
		at java.base/sun.nio.ch.Net.bind0(Native Method)
		at java.base/sun.nio.ch.Net.bind(Net.java:565)
		at java.base/sun.nio.ch.Net.bind(Net.java:554)
		at java.base/sun.nio.ch.NioSocketImpl.bind(NioSocketImpl.java:636)
		at java.base/java.net.ServerSocket.bind(ServerSocket.java:391)
		at java.base/java.net.ServerSocket.<init>(ServerSocket.java:278)
		at org.apache.catalina.core.StandardServer.await(StandardServer.java:577)
		at org.apache.catalina.startup.Catalina.await(Catalina.java:847)
		at org.apache.catalina.startup.Catalina.start(Catalina.java:795)
		at java.base/jdk.internal.reflect.DirectMethodHandleAccessor.invoke(DirectMethodHandleAccessor.java:103)
		at java.base/java.lang.reflect.Method.invoke(Method.java:580)
		at org.apache.catalina.startup.Bootstrap.start(Bootstrap.java:345)
		at org.apache.catalina.startup.Bootstrap.main(Bootstrap.java:473)
06-Dec-2025 23:16:03.573 INFO [main] org.apache.coyote.AbstractProtocol.pause Pausing ProtocolHandler ["http-nio-8080"]
06-Dec-2025 23:16:03.573 INFO [main] org.apache.catalina.core.StandardService.stopInternal Stopping service [Catalina]
06-Dec-2025 23:16:03.591 INFO [main] org.apache.coyote.AbstractProtocol.stop Stopping ProtocolHandler ["http-nio-8080"]
06-Dec-2025 23:16:03.592 INFO [main] org.apache.coyote.AbstractProtocol.destroy Destroying ProtocolHandler ["http-nio-8080"]
08-Dec-2025 16:21:36.629 INFO [main] org.apache.catalina.startup.VersionLoggerListener.log Server version name:   Apache Tomcat/10.1.20
08-Dec-2025 16:21:36.646 INFO [main] org.apache.catalina.startup.VersionLoggerListener.log Server built:          Mar 19 2024 12:49:58 UTC
08-Dec-2025 16:21:36.647 INFO [main] org.apache.catalina.startup.VersionLoggerListener.log Server version number: 10.1.20.0
08-Dec-2025 16:21:36.647 INFO [main] org.apache.catalina.startup.VersionLoggerListener.log OS Name:               Linux
08-Dec-2025 16:21:36.648 INFO [main] org.apache.catalina.startup.VersionLoggerListener.log OS Version:            6.6.87.2-microsoft-standard-WSL2
08-Dec-2025 16:21:36.648 INFO [main] org.apache.catalina.startup.VersionLoggerListener.log Architecture:          amd64
08-Dec-2025 16:21:36.648 INFO [main] org.apache.catalina.startup.VersionLoggerListener.log Java Home:             /nix/store/0n8rsyvlwy87bqb7151si4c4ifqcp31c-openjdk-21+35/lib/openjdk
08-Dec-2025 16:21:36.649 INFO [main] org.apache.catalina.startup.VersionLoggerListener.log JVM Version:           21+35-nixos
08-Dec-2025 16:21:36.649 INFO [main] org.apache.catalina.startup.VersionLoggerListener.log JVM Vendor:            Oracle Corporation
08-Dec-2025 16:21:36.650 INFO [main] org.apache.catalina.startup.VersionLoggerListener.log CATALINA_BASE:         /home/commesse/nuovo-nix/tomcat10
08-Dec-2025 16:21:36.650 INFO [main] org.apache.catalina.startup.VersionLoggerListener.log CATALINA_HOME:         /home/commesse/nuovo-nix/tomcat10
08-Dec-2025 16:21:36.676 INFO [main] org.apache.catalina.startup.VersionLoggerListener.log Command line argument: -Djava.util.logging.config.file=/home/commesse/nuovo-nix/tomcat10/conf/logging.properties
08-Dec-2025 16:21:36.676 INFO [main] org.apache.catalina.startup.VersionLoggerListener.log Command line argument: -Djava.util.logging.manager=org.apache.juli.ClassLoaderLogManager
08-Dec-2025 16:21:36.676 INFO [main] org.apache.catalina.startup.VersionLoggerListener.log Command line argument: -Xms512m
08-Dec-2025 16:21:36.677 INFO [main] org.apache.catalina.startup.VersionLoggerListener.log Command line argument: -Xmx1024m
08-Dec-2025 16:21:36.677 INFO [main] org.apache.catalina.startup.VersionLoggerListener.log Command line argument: -Djava.awt.headless=true
08-Dec-2025 16:21:36.677 INFO [main] org.apache.catalina.startup.VersionLoggerListener.log Command line argument: -Dfile.encoding=UTF-8
08-Dec-2025 16:21:36.677 INFO [main] org.apache.catalina.startup.VersionLoggerListener.log Command line argument: -Djdk.tls.ephemeralDHKeySize=2048
08-Dec-2025 16:21:36.677 INFO [main] org.apache.catalina.startup.VersionLoggerListener.log Command line argument: -Djava.protocol.handler.pkgs=org.apache.catalina.webresources
08-Dec-2025 16:21:36.677 INFO [main] org.apache.catalina.startup.VersionLoggerListener.log Command line argument: -Dorg.apache.catalina.security.SecurityListener.UMASK=0027
08-Dec-2025 16:21:36.677 INFO [main] org.apache.catalina.startup.VersionLoggerListener.log Command line argument: --add-opens=java.base/java.lang=ALL-UNNAMED
08-Dec-2025 16:21:36.677 INFO [main] org.apache.catalina.startup.VersionLoggerListener.log Command line argument: --add-opens=java.base/java.io=ALL-UNNAMED
08-Dec-2025 16:21:36.678 INFO [main] org.apache.catalina.startup.VersionLoggerListener.log Command line argument: --add-opens=java.base/java.util=ALL-UNNAMED
08-Dec-2025 16:21:36.678 INFO [main] org.apache.catalina.startup.VersionLoggerListener.log Command line argument: --add-opens=java.base/java.util.concurrent=ALL-UNNAMED
08-Dec-2025 16:21:36.678 INFO [main] org.apache.catalina.startup.VersionLoggerListener.log Command line argument: --add-opens=java.rmi/sun.rmi.transport=ALL-UNNAMED
08-Dec-2025 16:21:36.678 INFO [main] org.apache.catalina.startup.VersionLoggerListener.log Command line argument: -Dcatalina.base=/home/commesse/nuovo-nix/tomcat10
08-Dec-2025 16:21:36.678 INFO [main] org.apache.catalina.startup.VersionLoggerListener.log Command line argument: -Dcatalina.home=/home/commesse/nuovo-nix/tomcat10
08-Dec-2025 16:21:36.678 INFO [main] org.apache.catalina.startup.VersionLoggerListener.log Command line argument: -Djava.io.tmpdir=/home/commesse/nuovo-nix/tomcat10/temp
08-Dec-2025 16:21:36.683 INFO [main] org.apache.catalina.core.AprLifecycleListener.lifecycleEvent The Apache Tomcat Native library which allows using OpenSSL was not found on the java.library.path: [/usr/java/packages/lib:/usr/lib64:/lib64:/lib:/usr/lib]
08-Dec-2025 16:21:37.287 INFO [main] org.apache.coyote.AbstractProtocol.init Initializing ProtocolHandler ["http-nio-8080"]
08-Dec-2025 16:21:37.356 INFO [main] org.apache.catalina.startup.Catalina.load Server initialization in [1085] milliseconds
08-Dec-2025 16:21:37.448 INFO [main] org.apache.catalina.core.StandardService.startInternal Starting service [Catalina]
08-Dec-2025 16:21:37.449 INFO [main] org.apache.catalina.core.StandardEngine.startInternal Starting Servlet engine: [Apache Tomcat/10.1.20]
08-Dec-2025 16:21:37.470 INFO [main] org.apache.catalina.startup.HostConfig.deployDirectory Deploying web application directory [/home/commesse/nuovo-nix/tomcat10/webapps/commesse]
08-Dec-2025 16:21:37.968 INFO [main] org.apache.catalina.startup.HostConfig.deployDirectory Deployment of web application directory [/home/commesse/nuovo-nix/tomcat10/webapps/commesse] has finished in [497] ms
08-Dec-2025 16:21:37.975 INFO [main] org.apache.coyote.AbstractProtocol.start Starting ProtocolHandler ["http-nio-8080"]
08-Dec-2025 16:21:37.987 INFO [main] org.apache.catalina.startup.Catalina.start Server startup in [628] milliseconds
08-Dec-2025 16:36:58.213 INFO [Catalina-utility-1] org.apache.catalina.startup.HostConfig.deployWAR Deploying web application archive [/home/commesse/nuovo-nix/tomcat10/webapps/commesse-0.0.1-SNAPSHOT.war]
08-Dec-2025 16:37:01.098 INFO [Catalina-utility-1] org.apache.jasper.servlet.TldScanner.scanJars At least one JAR was scanned for TLDs yet contained no TLDs. Enable debug logging for this logger for a complete list of JARs that were scanned but no TLDs were found in them. Skipping unneeded JARs during scanning can improve startup time and JSP compilation time.

  .   ____          _            __ _ _
 /\\ / ___'_ __ _ _(_)_ __  __ _ \ \ \ \
( ( )\___ | '_ | '_| | '_ \/ _` | \ \ \ \
 \\/  ___)| |_)| | | | | || (_| |  ) ) ) )
  '  |____| .__|_| |_|_| |_\__, | / / / /
 =========|_|==============|___/=/_/_/_/

 :: Spring Boot ::                (v3.4.4)

2025-12-08T16:37:02.087+01:00  INFO 10683 --- [commesse] [alina-utility-1] c.gestione.commesse.ServletInitializer   : Starting ServletInitializer v0.1 using Java 21 with PID 10683 (/home/commesse/nuovo-nix/tomcat10/webapps/commesse-0.0.1-SNAPSHOT/WEB-INF/classes started by commesse in /home/commesse/nuovo-nix/tomcat10)
2025-12-08T16:37:02.095+01:00  INFO 10683 --- [commesse] [alina-utility-1] c.gestione.commesse.ServletInitializer   : No active profile set, falling back to 1 default profile: "default"
2025-12-08T16:37:03.184+01:00  INFO 10683 --- [commesse] [alina-utility-1] .s.d.r.c.RepositoryConfigurationDelegate : Bootstrapping Spring Data JPA repositories in DEFAULT mode.
2025-12-08T16:37:03.392+01:00  INFO 10683 --- [commesse] [alina-utility-1] .s.d.r.c.RepositoryConfigurationDelegate : Finished Spring Data repository scanning in 184 ms. Found 24 JPA repository interfaces.
2025-12-08T16:37:04.010+01:00  INFO 10683 --- [commesse] [alina-utility-1] w.s.c.ServletWebServerApplicationContext : Root WebApplicationContext: initialization completed in 1833 ms
2025-12-08T16:37:05.006+01:00  INFO 10683 --- [commesse] [alina-utility-1] o.hibernate.jpa.internal.util.LogHelper  : HHH000204: Processing PersistenceUnitInfo [name: default]
2025-12-08T16:37:05.163+01:00  INFO 10683 --- [commesse] [alina-utility-1] org.hibernate.Version                    : HHH000412: Hibernate ORM core version 6.6.11.Final
2025-12-08T16:37:05.236+01:00  INFO 10683 --- [commesse] [alina-utility-1] o.h.c.internal.RegionFactoryInitiator    : HHH000026: Second-level cache disabled
2025-12-08T16:37:05.857+01:00  INFO 10683 --- [commesse] [alina-utility-1] o.s.o.j.p.SpringPersistenceUnitInfo      : No LoadTimeWeaver setup: ignoring JPA class transformer
2025-12-08T16:37:05.925+01:00  INFO 10683 --- [commesse] [alina-utility-1] com.zaxxer.hikari.HikariDataSource       : HikariPool-1 - Starting...
2025-12-08T16:37:08.474+01:00  WARN 10683 --- [commesse] [alina-utility-1] o.h.engine.jdbc.spi.SqlExceptionHelper   : SQL Error: 1698, SQLState: 28000
2025-12-08T16:37:08.475+01:00 ERROR 10683 --- [commesse] [alina-utility-1] o.h.engine.jdbc.spi.SqlExceptionHelper   : Access denied for user 'root'@'192.168.1.1'
2025-12-08T16:37:08.477+01:00  WARN 10683 --- [commesse] [alina-utility-1] o.h.e.j.e.i.JdbcEnvironmentInitiator     : HHH000342: Could not obtain connection to query metadata

org.hibernate.exception.GenericJDBCException: unable to obtain isolated JDBC connection [Access denied for user 'root'@'192.168.1.1'] [n/a]
	at org.hibernate.exception.internal.StandardSQLExceptionConverter.convert(StandardSQLExceptionConverter.java:63) ~[hibernate-core-6.6.11.Final.jar:6.6.11.Final]
	at org.hibernate.engine.jdbc.spi.SqlExceptionHelper.convert(SqlExceptionHelper.java:108) ~[hibernate-core-6.6.11.Final.jar:6.6.11.Final]
	at org.hibernate.engine.jdbc.spi.SqlExceptionHelper.convert(SqlExceptionHelper.java:94) ~[hibernate-core-6.6.11.Final.jar:6.6.11.Final]
	at org.hibernate.resource.transaction.backend.jdbc.internal.JdbcIsolationDelegate.delegateWork(JdbcIsolationDelegate.java:116) ~[hibernate-core-6.6.11.Final.jar:6.6.11.Final]
	at org.hibernate.engine.jdbc.env.internal.JdbcEnvironmentInitiator.getJdbcEnvironmentUsingJdbcMetadata(JdbcEnvironmentInitiator.java:320) ~[hibernate-core-6.6.11.Final.jar:6.6.11.Final]
	at org.hibernate.engine.jdbc.env.internal.JdbcEnvironmentInitiator.initiateService(JdbcEnvironmentInitiator.java:129) ~[hibernate-core-6.6.11.Final.jar:6.6.11.Final]
	at org.hibernate.engine.jdbc.env.internal.JdbcEnvironmentInitiator.initiateService(JdbcEnvironmentInitiator.java:81) ~[hibernate-core-6.6.11.Final.jar:6.6.11.Final]
	at org.hibernate.boot.registry.internal.StandardServiceRegistryImpl.initiateService(StandardServiceRegistryImpl.java:130) ~[hibernate-core-6.6.11.Final.jar:6.6.11.Final]
	at org.hibernate.service.internal.AbstractServiceRegistryImpl.createService(AbstractServiceRegistryImpl.java:263) ~[hibernate-core-6.6.11.Final.jar:6.6.11.Final]
	at org.hibernate.service.internal.AbstractServiceRegistryImpl.initializeService(AbstractServiceRegistryImpl.java:238) ~[hibernate-core-6.6.11.Final.jar:6.6.11.Final]
	at org.hibernate.service.internal.AbstractServiceRegistryImpl.getService(AbstractServiceRegistryImpl.java:215) ~[hibernate-core-6.6.11.Final.jar:6.6.11.Final]
	at org.hibernate.boot.model.relational.Database.<init>(Database.java:45) ~[hibernate-core-6.6.11.Final.jar:6.6.11.Final]
	at org.hibernate.boot.internal.InFlightMetadataCollectorImpl.getDatabase(InFlightMetadataCollectorImpl.java:226) ~[hibernate-core-6.6.11.Final.jar:6.6.11.Final]
	at org.hibernate.boot.internal.InFlightMetadataCollectorImpl.<init>(InFlightMetadataCollectorImpl.java:194) ~[hibernate-core-6.6.11.Final.jar:6.6.11.Final]
	at org.hibernate.boot.model.process.spi.MetadataBuildingProcess.complete(MetadataBuildingProcess.java:171) ~[hibernate-core-6.6.11.Final.jar:6.6.11.Final]
	at org.hibernate.jpa.boot.internal.EntityManagerFactoryBuilderImpl.metadata(EntityManagerFactoryBuilderImpl.java:1442) ~[hibernate-core-6.6.11.Final.jar:6.6.11.Final]
	at org.hibernate.jpa.boot.internal.EntityManagerFactoryBuilderImpl.build(EntityManagerFactoryBuilderImpl.java:1513) ~[hibernate-core-6.6.11.Final.jar:6.6.11.Final]
	at org.springframework.orm.jpa.vendor.SpringHibernateJpaPersistenceProvider.createContainerEntityManagerFactory(SpringHibernateJpaPersistenceProvider.java:66) ~[spring-orm-6.2.5.jar:6.2.5]
	at org.springframework.orm.jpa.LocalContainerEntityManagerFactoryBean.createNativeEntityManagerFactory(LocalContainerEntityManagerFactoryBean.java:390) ~[spring-orm-6.2.5.jar:6.2.5]
	at org.springframework.orm.jpa.AbstractEntityManagerFactoryBean.buildNativeEntityManagerFactory(AbstractEntityManagerFactoryBean.java:419) ~[spring-orm-6.2.5.jar:6.2.5]
	at org.springframework.orm.jpa.AbstractEntityManagerFactoryBean.afterPropertiesSet(AbstractEntityManagerFactoryBean.java:400) ~[spring-orm-6.2.5.jar:6.2.5]
	at org.springframework.orm.jpa.LocalContainerEntityManagerFactoryBean.afterPropertiesSet(LocalContainerEntityManagerFactoryBean.java:366) ~[spring-orm-6.2.5.jar:6.2.5]
	at org.springframework.beans.factory.support.AbstractAutowireCapableBeanFactory.invokeInitMethods(AbstractAutowireCapableBeanFactory.java:1859) ~[spring-beans-6.2.5.jar:6.2.5]
	at org.springframework.beans.factory.support.AbstractAutowireCapableBeanFactory.initializeBean(AbstractAutowireCapableBeanFactory.java:1808) ~[spring-beans-6.2.5.jar:6.2.5]
	at org.springframework.beans.factory.support.AbstractAutowireCapableBeanFactory.doCreateBean(AbstractAutowireCapableBeanFactory.java:601) ~[spring-beans-6.2.5.jar:6.2.5]
	at org.springframework.beans.factory.support.AbstractAutowireCapableBeanFactory.createBean(AbstractAutowireCapableBeanFactory.java:523) ~[spring-beans-6.2.5.jar:6.2.5]
	at org.springframework.beans.factory.support.AbstractBeanFactory.lambda$doGetBean$0(AbstractBeanFactory.java:339) ~[spring-beans-6.2.5.jar:6.2.5]
	at org.springframework.beans.factory.support.DefaultSingletonBeanRegistry.getSingleton(DefaultSingletonBeanRegistry.java:347) ~[spring-beans-6.2.5.jar:6.2.5]
	at org.springframework.beans.factory.support.AbstractBeanFactory.doGetBean(AbstractBeanFactory.java:337) ~[spring-beans-6.2.5.jar:6.2.5]
	at org.springframework.beans.factory.support.AbstractBeanFactory.getBean(AbstractBeanFactory.java:207) ~[spring-beans-6.2.5.jar:6.2.5]
	at org.springframework.context.support.AbstractApplicationContext.finishBeanFactoryInitialization(AbstractApplicationContext.java:970) ~[spring-context-6.2.5.jar:6.2.5]
	at org.springframework.context.support.AbstractApplicationContext.refresh(AbstractApplicationContext.java:627) ~[spring-context-6.2.5.jar:6.2.5]
	at org.springframework.boot.web.servlet.context.ServletWebServerApplicationContext.refresh(ServletWebServerApplicationContext.java:146) ~[spring-boot-3.4.4.jar:3.4.4]
	at org.springframework.boot.SpringApplication.refresh(SpringApplication.java:752) ~[spring-boot-3.4.4.jar:3.4.4]
	at org.springframework.boot.SpringApplication.refreshContext(SpringApplication.java:439) ~[spring-boot-3.4.4.jar:3.4.4]
	at org.springframework.boot.SpringApplication.run(SpringApplication.java:318) ~[spring-boot-3.4.4.jar:3.4.4]
	at org.springframework.boot.web.servlet.support.SpringBootServletInitializer.run(SpringBootServletInitializer.java:194) ~[spring-boot-3.4.4.jar:3.4.4]
	at org.springframework.boot.web.servlet.support.SpringBootServletInitializer.createRootApplicationContext(SpringBootServletInitializer.java:174) ~[spring-boot-3.4.4.jar:3.4.4]
	at org.springframework.boot.web.servlet.support.SpringBootServletInitializer.onStartup(SpringBootServletInitializer.java:102) ~[spring-boot-3.4.4.jar:3.4.4]
	at org.springframework.web.SpringServletContainerInitializer.onStartup(SpringServletContainerInitializer.java:171) ~[spring-web-6.2.5.jar:6.2.5]
	at org.apache.catalina.core.StandardContext.startInternal(StandardContext.java:4880) ~[catalina.jar:10.1.20]
	at org.apache.catalina.util.LifecycleBase.start(LifecycleBase.java:171) ~[catalina.jar:10.1.20]
	at org.apache.catalina.core.ContainerBase.addChildInternal(ContainerBase.java:683) ~[catalina.jar:10.1.20]
	at org.apache.catalina.core.ContainerBase.addChild(ContainerBase.java:658) ~[catalina.jar:10.1.20]
	at org.apache.catalina.core.StandardHost.addChild(StandardHost.java:712) ~[catalina.jar:10.1.20]
	at org.apache.catalina.startup.HostConfig.deployWAR(HostConfig.java:969) ~[catalina.jar:10.1.20]
	at org.apache.catalina.startup.HostConfig$DeployWar.run(HostConfig.java:1911) ~[catalina.jar:10.1.20]
	at java.base/java.util.concurrent.Executors$RunnableAdapter.call(Executors.java:572) ~[na:na]
	at java.base/java.util.concurrent.FutureTask.run(FutureTask.java:317) ~[na:na]
	at org.apache.tomcat.util.threads.InlineExecutorService.execute(InlineExecutorService.java:75) ~[tomcat-util.jar:10.1.20]
	at java.base/java.util.concurrent.AbstractExecutorService.submit(AbstractExecutorService.java:123) ~[na:na]
	at org.apache.catalina.startup.HostConfig.deployWARs(HostConfig.java:771) ~[catalina.jar:10.1.20]
	at org.apache.catalina.startup.HostConfig.deployApps(HostConfig.java:423) ~[catalina.jar:10.1.20]
	at org.apache.catalina.startup.HostConfig.check(HostConfig.java:1678) ~[catalina.jar:10.1.20]
	at org.apache.catalina.startup.HostConfig.lifecycleEvent(HostConfig.java:299) ~[catalina.jar:10.1.20]
	at org.apache.catalina.util.LifecycleBase.fireLifecycleEvent(LifecycleBase.java:114) ~[catalina.jar:10.1.20]
	at org.apache.catalina.core.ContainerBase.backgroundProcess(ContainerBase.java:1098) ~[catalina.jar:10.1.20]
	at org.apache.catalina.core.ContainerBase$ContainerBackgroundProcessor.processChildren(ContainerBase.java:1301) ~[catalina.jar:10.1.20]
	at org.apache.catalina.core.ContainerBase$ContainerBackgroundProcessor.processChildren(ContainerBase.java:1305) ~[catalina.jar:10.1.20]
	at org.apache.catalina.core.ContainerBase$ContainerBackgroundProcessor.run(ContainerBase.java:1283) ~[catalina.jar:10.1.20]
	at java.base/java.util.concurrent.Executors$RunnableAdapter.call(Executors.java:572) ~[na:na]
	at java.base/java.util.concurrent.FutureTask.runAndReset(FutureTask.java:358) ~[na:na]
	at java.base/java.util.concurrent.ScheduledThreadPoolExecutor$ScheduledFutureTask.run(ScheduledThreadPoolExecutor.java:305) ~[na:na]
	at java.base/java.util.concurrent.ThreadPoolExecutor.runWorker(ThreadPoolExecutor.java:1144) ~[na:na]
	at java.base/java.util.concurrent.ThreadPoolExecutor$Worker.run(ThreadPoolExecutor.java:642) ~[na:na]
	at org.apache.tomcat.util.threads.TaskThread$WrappingRunnable.run(TaskThread.java:63) ~[tomcat-util.jar:10.1.20]
	at java.base/java.lang.Thread.run(Thread.java:1583) ~[na:na]
Caused by: java.sql.SQLException: Access denied for user 'root'@'192.168.1.1'
	at com.mysql.cj.jdbc.exceptions.SQLError.createSQLException(SQLError.java:129) ~[mysql-connector-java-8.0.28.jar:8.0.28]
	at com.mysql.cj.jdbc.exceptions.SQLExceptionsMapping.translateException(SQLExceptionsMapping.java:122) ~[mysql-connector-java-8.0.28.jar:8.0.28]
	at com.mysql.cj.jdbc.ConnectionImpl.createNewIO(ConnectionImpl.java:829) ~[mysql-connector-java-8.0.28.jar:8.0.28]
	at com.mysql.cj.jdbc.ConnectionImpl.<init>(ConnectionImpl.java:449) ~[mysql-connector-java-8.0.28.jar:8.0.28]
	at com.mysql.cj.jdbc.ConnectionImpl.getInstance(ConnectionImpl.java:242) ~[mysql-connector-java-8.0.28.jar:8.0.28]
	at com.mysql.cj.jdbc.NonRegisteringDriver.connect(NonRegisteringDriver.java:198) ~[mysql-connector-java-8.0.28.jar:8.0.28]
	at com.zaxxer.hikari.util.DriverDataSource.getConnection(DriverDataSource.java:137) ~[HikariCP-5.1.0.jar:na]
	at com.zaxxer.hikari.pool.PoolBase.newConnection(PoolBase.java:360) ~[HikariCP-5.1.0.jar:na]
	at com.zaxxer.hikari.pool.PoolBase.newPoolEntry(PoolBase.java:202) ~[HikariCP-5.1.0.jar:na]
	at com.zaxxer.hikari.pool.HikariPool.createPoolEntry(HikariPool.java:461) ~[HikariCP-5.1.0.jar:na]
	at com.zaxxer.hikari.pool.HikariPool.checkFailFast(HikariPool.java:550) ~[HikariCP-5.1.0.jar:na]
	at com.zaxxer.hikari.pool.HikariPool.<init>(HikariPool.java:98) ~[HikariCP-5.1.0.jar:na]
	at com.zaxxer.hikari.HikariDataSource.getConnection(HikariDataSource.java:111) ~[HikariCP-5.1.0.jar:na]
	at org.hibernate.engine.jdbc.connections.internal.DatasourceConnectionProviderImpl.getConnection(DatasourceConnectionProviderImpl.java:126) ~[hibernate-core-6.6.11.Final.jar:6.6.11.Final]
	at org.hibernate.engine.jdbc.env.internal.JdbcEnvironmentInitiator$ConnectionProviderJdbcConnectionAccess.obtainConnection(JdbcEnvironmentInitiator.java:467) ~[hibernate-core-6.6.11.Final.jar:6.6.11.Final]
	at org.hibernate.resource.transaction.backend.jdbc.internal.JdbcIsolationDelegate.delegateWork(JdbcIsolationDelegate.java:61) ~[hibernate-core-6.6.11.Final.jar:6.6.11.Final]
	... 63 common frames omitted

2025-12-08T16:37:08.488+01:00 ERROR 10683 --- [commesse] [alina-utility-1] j.LocalContainerEntityManagerFactoryBean : Failed to initialize JPA EntityManagerFactory: Unable to create requested service [org.hibernate.engine.jdbc.env.spi.JdbcEnvironment] due to: Unable to determine Dialect without JDBC metadata (please set 'jakarta.persistence.jdbc.url' for common cases or 'hibernate.dialect' when a custom Dialect implementation must be provided)
2025-12-08T16:37:08.489+01:00  WARN 10683 --- [commesse] [alina-utility-1] ConfigServletWebServerApplicationContext : Exception encountered during context initialization - cancelling refresh attempt: org.springframework.beans.factory.BeanCreationException: Error creating bean with name 'entityManagerFactory' defined in class path resource [org/springframework/boot/autoconfigure/orm/jpa/HibernateJpaConfiguration.class]: Unable to create requested service [org.hibernate.engine.jdbc.env.spi.JdbcEnvironment] due to: Unable to determine Dialect without JDBC metadata (please set 'jakarta.persistence.jdbc.url' for common cases or 'hibernate.dialect' when a custom Dialect implementation must be provided)
2025-12-08T16:37:08.503+01:00  INFO 10683 --- [commesse] [alina-utility-1] .s.b.a.l.ConditionEvaluationReportLogger : 

Error starting ApplicationContext. To display the condition evaluation report re-run your application with 'debug' enabled.
2025-12-08T16:37:08.531+01:00 ERROR 10683 --- [commesse] [alina-utility-1] o.s.boot.SpringApplication               : Application run failed

org.springframework.beans.factory.BeanCreationException: Error creating bean with name 'entityManagerFactory' defined in class path resource [org/springframework/boot/autoconfigure/orm/jpa/HibernateJpaConfiguration.class]: Unable to create requested service [org.hibernate.engine.jdbc.env.spi.JdbcEnvironment] due to: Unable to determine Dialect without JDBC metadata (please set 'jakarta.persistence.jdbc.url' for common cases or 'hibernate.dialect' when a custom Dialect implementation must be provided)
	at org.springframework.beans.factory.support.AbstractAutowireCapableBeanFactory.initializeBean(AbstractAutowireCapableBeanFactory.java:1812) ~[spring-beans-6.2.5.jar:6.2.5]
	at org.springframework.beans.factory.support.AbstractAutowireCapableBeanFactory.doCreateBean(AbstractAutowireCapableBeanFactory.java:601) ~[spring-beans-6.2.5.jar:6.2.5]
	at org.springframework.beans.factory.support.AbstractAutowireCapableBeanFactory.createBean(AbstractAutowireCapableBeanFactory.java:523) ~[spring-beans-6.2.5.jar:6.2.5]
	at org.springframework.beans.factory.support.AbstractBeanFactory.lambda$doGetBean$0(AbstractBeanFactory.java:339) ~[spring-beans-6.2.5.jar:6.2.5]
	at org.springframework.beans.factory.support.DefaultSingletonBeanRegistry.getSingleton(DefaultSingletonBeanRegistry.java:347) ~[spring-beans-6.2.5.jar:6.2.5]
	at org.springframework.beans.factory.support.AbstractBeanFactory.doGetBean(AbstractBeanFactory.java:337) ~[spring-beans-6.2.5.jar:6.2.5]
	at org.springframework.beans.factory.support.AbstractBeanFactory.getBean(AbstractBeanFactory.java:207) ~[spring-beans-6.2.5.jar:6.2.5]
	at org.springframework.context.support.AbstractApplicationContext.finishBeanFactoryInitialization(AbstractApplicationContext.java:970) ~[spring-context-6.2.5.jar:6.2.5]
	at org.springframework.context.support.AbstractApplicationContext.refresh(AbstractApplicationContext.java:627) ~[spring-context-6.2.5.jar:6.2.5]
	at org.springframework.boot.web.servlet.context.ServletWebServerApplicationContext.refresh(ServletWebServerApplicationContext.java:146) ~[spring-boot-3.4.4.jar:3.4.4]
	at org.springframework.boot.SpringApplication.refresh(SpringApplication.java:752) ~[spring-boot-3.4.4.jar:3.4.4]
	at org.springframework.boot.SpringApplication.refreshContext(SpringApplication.java:439) ~[spring-boot-3.4.4.jar:3.4.4]
	at org.springframework.boot.SpringApplication.run(SpringApplication.java:318) ~[spring-boot-3.4.4.jar:3.4.4]
	at org.springframework.boot.web.servlet.support.SpringBootServletInitializer.run(SpringBootServletInitializer.java:194) ~[spring-boot-3.4.4.jar:3.4.4]
	at org.springframework.boot.web.servlet.support.SpringBootServletInitializer.createRootApplicationContext(SpringBootServletInitializer.java:174) ~[spring-boot-3.4.4.jar:3.4.4]
	at org.springframework.boot.web.servlet.support.SpringBootServletInitializer.onStartup(SpringBootServletInitializer.java:102) ~[spring-boot-3.4.4.jar:3.4.4]
	at org.springframework.web.SpringServletContainerInitializer.onStartup(SpringServletContainerInitializer.java:171) ~[spring-web-6.2.5.jar:6.2.5]
	at org.apache.catalina.core.StandardContext.startInternal(StandardContext.java:4880) ~[catalina.jar:10.1.20]
	at org.apache.catalina.util.LifecycleBase.start(LifecycleBase.java:171) ~[catalina.jar:10.1.20]
	at org.apache.catalina.core.ContainerBase.addChildInternal(ContainerBase.java:683) ~[catalina.jar:10.1.20]
	at org.apache.catalina.core.ContainerBase.addChild(ContainerBase.java:658) ~[catalina.jar:10.1.20]
	at org.apache.catalina.core.StandardHost.addChild(StandardHost.java:712) ~[catalina.jar:10.1.20]
	at org.apache.catalina.startup.HostConfig.deployWAR(HostConfig.java:969) ~[catalina.jar:10.1.20]
	at org.apache.catalina.startup.HostConfig$DeployWar.run(HostConfig.java:1911) ~[catalina.jar:10.1.20]
	at java.base/java.util.concurrent.Executors$RunnableAdapter.call(Executors.java:572) ~[na:na]
	at java.base/java.util.concurrent.FutureTask.run(FutureTask.java:317) ~[na:na]
	at org.apache.tomcat.util.threads.InlineExecutorService.execute(InlineExecutorService.java:75) ~[tomcat-util.jar:10.1.20]
	at java.base/java.util.concurrent.AbstractExecutorService.submit(AbstractExecutorService.java:123) ~[na:na]
	at org.apache.catalina.startup.HostConfig.deployWARs(HostConfig.java:771) ~[catalina.jar:10.1.20]
	at org.apache.catalina.startup.HostConfig.deployApps(HostConfig.java:423) ~[catalina.jar:10.1.20]
	at org.apache.catalina.startup.HostConfig.check(HostConfig.java:1678) ~[catalina.jar:10.1.20]
	at org.apache.catalina.startup.HostConfig.lifecycleEvent(HostConfig.java:299) ~[catalina.jar:10.1.20]
	at org.apache.catalina.util.LifecycleBase.fireLifecycleEvent(LifecycleBase.java:114) ~[catalina.jar:10.1.20]
	at org.apache.catalina.core.ContainerBase.backgroundProcess(ContainerBase.java:1098) ~[catalina.jar:10.1.20]
	at org.apache.catalina.core.ContainerBase$ContainerBackgroundProcessor.processChildren(ContainerBase.java:1301) ~[catalina.jar:10.1.20]
	at org.apache.catalina.core.ContainerBase$ContainerBackgroundProcessor.processChildren(ContainerBase.java:1305) ~[catalina.jar:10.1.20]
	at org.apache.catalina.core.ContainerBase$ContainerBackgroundProcessor.run(ContainerBase.java:1283) ~[catalina.jar:10.1.20]
	at java.base/java.util.concurrent.Executors$RunnableAdapter.call(Executors.java:572) ~[na:na]
	at java.base/java.util.concurrent.FutureTask.runAndReset(FutureTask.java:358) ~[na:na]
	at java.base/java.util.concurrent.ScheduledThreadPoolExecutor$ScheduledFutureTask.run(ScheduledThreadPoolExecutor.java:305) ~[na:na]
	at java.base/java.util.concurrent.ThreadPoolExecutor.runWorker(ThreadPoolExecutor.java:1144) ~[na:na]
	at java.base/java.util.concurrent.ThreadPoolExecutor$Worker.run(ThreadPoolExecutor.java:642) ~[na:na]
	at org.apache.tomcat.util.threads.TaskThread$WrappingRunnable.run(TaskThread.java:63) ~[tomcat-util.jar:10.1.20]
	at java.base/java.lang.Thread.run(Thread.java:1583) ~[na:na]
Caused by: org.hibernate.service.spi.ServiceException: Unable to create requested service [org.hibernate.engine.jdbc.env.spi.JdbcEnvironment] due to: Unable to determine Dialect without JDBC metadata (please set 'jakarta.persistence.jdbc.url' for common cases or 'hibernate.dialect' when a custom Dialect implementation must be provided)
	at org.hibernate.service.internal.AbstractServiceRegistryImpl.createService(AbstractServiceRegistryImpl.java:276) ~[hibernate-core-6.6.11.Final.jar:6.6.11.Final]
	at org.hibernate.service.internal.AbstractServiceRegistryImpl.initializeService(AbstractServiceRegistryImpl.java:238) ~[hibernate-core-6.6.11.Final.jar:6.6.11.Final]
	at org.hibernate.service.internal.AbstractServiceRegistryImpl.getService(AbstractServiceRegistryImpl.java:215) ~[hibernate-core-6.6.11.Final.jar:6.6.11.Final]
	at org.hibernate.boot.model.relational.Database.<init>(Database.java:45) ~[hibernate-core-6.6.11.Final.jar:6.6.11.Final]
	at org.hibernate.boot.internal.InFlightMetadataCollectorImpl.getDatabase(InFlightMetadataCollectorImpl.java:226) ~[hibernate-core-6.6.11.Final.jar:6.6.11.Final]
	at org.hibernate.boot.internal.InFlightMetadataCollectorImpl.<init>(InFlightMetadataCollectorImpl.java:194) ~[hibernate-core-6.6.11.Final.jar:6.6.11.Final]
	at org.hibernate.boot.model.process.spi.MetadataBuildingProcess.complete(MetadataBuildingProcess.java:171) ~[hibernate-core-6.6.11.Final.jar:6.6.11.Final]
	at org.hibernate.jpa.boot.internal.EntityManagerFactoryBuilderImpl.metadata(EntityManagerFactoryBuilderImpl.java:1442) ~[hibernate-core-6.6.11.Final.jar:6.6.11.Final]
	at org.hibernate.jpa.boot.internal.EntityManagerFactoryBuilderImpl.build(EntityManagerFactoryBuilderImpl.java:1513) ~[hibernate-core-6.6.11.Final.jar:6.6.11.Final]
	at org.springframework.orm.jpa.vendor.SpringHibernateJpaPersistenceProvider.createContainerEntityManagerFactory(SpringHibernateJpaPersistenceProvider.java:66) ~[spring-orm-6.2.5.jar:6.2.5]
	at org.springframework.orm.jpa.LocalContainerEntityManagerFactoryBean.createNativeEntityManagerFactory(LocalContainerEntityManagerFactoryBean.java:390) ~[spring-orm-6.2.5.jar:6.2.5]
	at org.springframework.orm.jpa.AbstractEntityManagerFactoryBean.buildNativeEntityManagerFactory(AbstractEntityManagerFactoryBean.java:419) ~[spring-orm-6.2.5.jar:6.2.5]
	at org.springframework.orm.jpa.AbstractEntityManagerFactoryBean.afterPropertiesSet(AbstractEntityManagerFactoryBean.java:400) ~[spring-orm-6.2.5.jar:6.2.5]
	at org.springframework.orm.jpa.LocalContainerEntityManagerFactoryBean.afterPropertiesSet(LocalContainerEntityManagerFactoryBean.java:366) ~[spring-orm-6.2.5.jar:6.2.5]
	at org.springframework.beans.factory.support.AbstractAutowireCapableBeanFactory.invokeInitMethods(AbstractAutowireCapableBeanFactory.java:1859) ~[spring-beans-6.2.5.jar:6.2.5]
	at org.springframework.beans.factory.support.AbstractAutowireCapableBeanFactory.initializeBean(AbstractAutowireCapableBeanFactory.java:1808) ~[spring-beans-6.2.5.jar:6.2.5]
	... 43 common frames omitted
Caused by: org.hibernate.HibernateException: Unable to determine Dialect without JDBC metadata (please set 'jakarta.persistence.jdbc.url' for common cases or 'hibernate.dialect' when a custom Dialect implementation must be provided)
	at org.hibernate.engine.jdbc.dialect.internal.DialectFactoryImpl.determineDialect(DialectFactoryImpl.java:191) ~[hibernate-core-6.6.11.Final.jar:6.6.11.Final]
	at org.hibernate.engine.jdbc.dialect.internal.DialectFactoryImpl.buildDialect(DialectFactoryImpl.java:87) ~[hibernate-core-6.6.11.Final.jar:6.6.11.Final]
	at org.hibernate.engine.jdbc.env.internal.JdbcEnvironmentInitiator.getJdbcEnvironmentWithDefaults(JdbcEnvironmentInitiator.java:181) ~[hibernate-core-6.6.11.Final.jar:6.6.11.Final]
	at org.hibernate.engine.jdbc.env.internal.JdbcEnvironmentInitiator.getJdbcEnvironmentUsingJdbcMetadata(JdbcEnvironmentInitiator.java:392) ~[hibernate-core-6.6.11.Final.jar:6.6.11.Final]
	at org.hibernate.engine.jdbc.env.internal.JdbcEnvironmentInitiator.initiateService(JdbcEnvironmentInitiator.java:129) ~[hibernate-core-6.6.11.Final.jar:6.6.11.Final]
	at org.hibernate.engine.jdbc.env.internal.JdbcEnvironmentInitiator.initiateService(JdbcEnvironmentInitiator.java:81) ~[hibernate-core-6.6.11.Final.jar:6.6.11.Final]
	at org.hibernate.boot.registry.internal.StandardServiceRegistryImpl.initiateService(StandardServiceRegistryImpl.java:130) ~[hibernate-core-6.6.11.Final.jar:6.6.11.Final]
	at org.hibernate.service.internal.AbstractServiceRegistryImpl.createService(AbstractServiceRegistryImpl.java:263) ~[hibernate-core-6.6.11.Final.jar:6.6.11.Final]
	... 58 common frames omitted

08-Dec-2025 16:37:08.534 SEVERE [Catalina-utility-1] org.apache.catalina.startup.HostConfig.deployWAR Error deploying web application archive [/home/commesse/nuovo-nix/tomcat10/webapps/commesse-0.0.1-SNAPSHOT.war]
	java.lang.IllegalStateException: Error starting child
		at org.apache.catalina.core.ContainerBase.addChildInternal(ContainerBase.java:686)
		at org.apache.catalina.core.ContainerBase.addChild(ContainerBase.java:658)
		at org.apache.catalina.core.StandardHost.addChild(StandardHost.java:712)
		at org.apache.catalina.startup.HostConfig.deployWAR(HostConfig.java:969)
		at org.apache.catalina.startup.HostConfig$DeployWar.run(HostConfig.java:1911)
		at java.base/java.util.concurrent.Executors$RunnableAdapter.call(Executors.java:572)
		at java.base/java.util.concurrent.FutureTask.run(FutureTask.java:317)
		at org.apache.tomcat.util.threads.InlineExecutorService.execute(InlineExecutorService.java:75)
		at java.base/java.util.concurrent.AbstractExecutorService.submit(AbstractExecutorService.java:123)
		at org.apache.catalina.startup.HostConfig.deployWARs(HostConfig.java:771)
		at org.apache.catalina.startup.HostConfig.deployApps(HostConfig.java:423)
		at org.apache.catalina.startup.HostConfig.check(HostConfig.java:1678)
		at org.apache.catalina.startup.HostConfig.lifecycleEvent(HostConfig.java:299)
		at org.apache.catalina.util.LifecycleBase.fireLifecycleEvent(LifecycleBase.java:114)
		at org.apache.catalina.core.ContainerBase.backgroundProcess(ContainerBase.java:1098)
		at org.apache.catalina.core.ContainerBase$ContainerBackgroundProcessor.processChildren(ContainerBase.java:1301)
		at org.apache.catalina.core.ContainerBase$ContainerBackgroundProcessor.processChildren(ContainerBase.java:1305)
		at org.apache.catalina.core.ContainerBase$ContainerBackgroundProcessor.run(ContainerBase.java:1283)
		at java.base/java.util.concurrent.Executors$RunnableAdapter.call(Executors.java:572)
		at java.base/java.util.concurrent.FutureTask.runAndReset(FutureTask.java:358)
		at java.base/java.util.concurrent.ScheduledThreadPoolExecutor$ScheduledFutureTask.run(ScheduledThreadPoolExecutor.java:305)
		at java.base/java.util.concurrent.ThreadPoolExecutor.runWorker(ThreadPoolExecutor.java:1144)
		at java.base/java.util.concurrent.ThreadPoolExecutor$Worker.run(ThreadPoolExecutor.java:642)
		at org.apache.tomcat.util.threads.TaskThread$WrappingRunnable.run(TaskThread.java:63)
		at java.base/java.lang.Thread.run(Thread.java:1583)
	Caused by: org.apache.catalina.LifecycleException: Failed to start component [StandardEngine[Catalina].StandardHost[localhost].StandardContext[/commesse-0.0.1-SNAPSHOT]]
		at org.apache.catalina.util.LifecycleBase.handleSubClassException(LifecycleBase.java:419)
		at org.apache.catalina.util.LifecycleBase.start(LifecycleBase.java:186)
		at org.apache.catalina.core.ContainerBase.addChildInternal(ContainerBase.java:683)
		... 24 more
	Caused by: org.springframework.beans.factory.BeanCreationException: Error creating bean with name 'entityManagerFactory' defined in class path resource [org/springframework/boot/autoconfigure/orm/jpa/HibernateJpaConfiguration.class]: Unable to create requested service [org.hibernate.engine.jdbc.env.spi.JdbcEnvironment] due to: Unable to determine Dialect without JDBC metadata (please set 'jakarta.persistence.jdbc.url' for common cases or 'hibernate.dialect' when a custom Dialect implementation must be provided)
		at org.springframework.beans.factory.support.AbstractAutowireCapableBeanFactory.initializeBean(AbstractAutowireCapableBeanFactory.java:1812)
		at org.springframework.beans.factory.support.AbstractAutowireCapableBeanFactory.doCreateBean(AbstractAutowireCapableBeanFactory.java:601)
		at org.springframework.beans.factory.support.AbstractAutowireCapableBeanFactory.createBean(AbstractAutowireCapableBeanFactory.java:523)
		at org.springframework.beans.factory.support.AbstractBeanFactory.lambda$doGetBean$0(AbstractBeanFactory.java:339)
		at org.springframework.beans.factory.support.DefaultSingletonBeanRegistry.getSingleton(DefaultSingletonBeanRegistry.java:347)
		at org.springframework.beans.factory.support.AbstractBeanFactory.doGetBean(AbstractBeanFactory.java:337)
		at org.springframework.beans.factory.support.AbstractBeanFactory.getBean(AbstractBeanFactory.java:207)
		at org.springframework.context.support.AbstractApplicationContext.finishBeanFactoryInitialization(AbstractApplicationContext.java:970)
		at org.springframework.context.support.AbstractApplicationContext.refresh(AbstractApplicationContext.java:627)
		at org.springframework.boot.web.servlet.context.ServletWebServerApplicationContext.refresh(ServletWebServerApplicationContext.java:146)
		at org.springframework.boot.SpringApplication.refresh(SpringApplication.java:752)
		at org.springframework.boot.SpringApplication.refreshContext(SpringApplication.java:439)
		at org.springframework.boot.SpringApplication.run(SpringApplication.java:318)
		at org.springframework.boot.web.servlet.support.SpringBootServletInitializer.run(SpringBootServletInitializer.java:194)
		at org.springframework.boot.web.servlet.support.SpringBootServletInitializer.createRootApplicationContext(SpringBootServletInitializer.java:174)
		at org.springframework.boot.web.servlet.support.SpringBootServletInitializer.onStartup(SpringBootServletInitializer.java:102)
		at org.springframework.web.SpringServletContainerInitializer.onStartup(SpringServletContainerInitializer.java:171)
		at org.apache.catalina.core.StandardContext.startInternal(StandardContext.java:4880)
		at org.apache.catalina.util.LifecycleBase.start(LifecycleBase.java:171)
		... 25 more
	Caused by: org.hibernate.service.spi.ServiceException: Unable to create requested service [org.hibernate.engine.jdbc.env.spi.JdbcEnvironment] due to: Unable to determine Dialect without JDBC metadata (please set 'jakarta.persistence.jdbc.url' for common cases or 'hibernate.dialect' when a custom Dialect implementation must be provided)
		at org.hibernate.service.internal.AbstractServiceRegistryImpl.createService(AbstractServiceRegistryImpl.java:276)
		at org.hibernate.service.internal.AbstractServiceRegistryImpl.initializeService(AbstractServiceRegistryImpl.java:238)
		at org.hibernate.service.internal.AbstractServiceRegistryImpl.getService(AbstractServiceRegistryImpl.java:215)
		at org.hibernate.boot.model.relational.Database.<init>(Database.java:45)
		at org.hibernate.boot.internal.InFlightMetadataCollectorImpl.getDatabase(InFlightMetadataCollectorImpl.java:226)
		at org.hibernate.boot.internal.InFlightMetadataCollectorImpl.<init>(InFlightMetadataCollectorImpl.java:194)
		at org.hibernate.boot.model.process.spi.MetadataBuildingProcess.complete(MetadataBuildingProcess.java:171)
		at org.hibernate.jpa.boot.internal.EntityManagerFactoryBuilderImpl.metadata(EntityManagerFactoryBuilderImpl.java:1442)
		at org.hibernate.jpa.boot.internal.EntityManagerFactoryBuilderImpl.build(EntityManagerFactoryBuilderImpl.java:1513)
		at org.springframework.orm.jpa.vendor.SpringHibernateJpaPersistenceProvider.createContainerEntityManagerFactory(SpringHibernateJpaPersistenceProvider.java:66)
		at org.springframework.orm.jpa.LocalContainerEntityManagerFactoryBean.createNativeEntityManagerFactory(LocalContainerEntityManagerFactoryBean.java:390)
		at org.springframework.orm.jpa.AbstractEntityManagerFactoryBean.buildNativeEntityManagerFactory(AbstractEntityManagerFactoryBean.java:419)
		at org.springframework.orm.jpa.AbstractEntityManagerFactoryBean.afterPropertiesSet(AbstractEntityManagerFactoryBean.java:400)
		at org.springframework.orm.jpa.LocalContainerEntityManagerFactoryBean.afterPropertiesSet(LocalContainerEntityManagerFactoryBean.java:366)
		at org.springframework.beans.factory.support.AbstractAutowireCapableBeanFactory.invokeInitMethods(AbstractAutowireCapableBeanFactory.java:1859)
		at org.springframework.beans.factory.support.AbstractAutowireCapableBeanFactory.initializeBean(AbstractAutowireCapableBeanFactory.java:1808)
		... 43 more
	Caused by: org.hibernate.HibernateException: Unable to determine Dialect without JDBC metadata (please set 'jakarta.persistence.jdbc.url' for common cases or 'hibernate.dialect' when a custom Dialect implementation must be provided)
		at org.hibernate.engine.jdbc.dialect.internal.DialectFactoryImpl.determineDialect(DialectFactoryImpl.java:191)
		at org.hibernate.engine.jdbc.dialect.internal.DialectFactoryImpl.buildDialect(DialectFactoryImpl.java:87)
		at org.hibernate.engine.jdbc.env.internal.JdbcEnvironmentInitiator.getJdbcEnvironmentWithDefaults(JdbcEnvironmentInitiator.java:181)
		at org.hibernate.engine.jdbc.env.internal.JdbcEnvironmentInitiator.getJdbcEnvironmentUsingJdbcMetadata(JdbcEnvironmentInitiator.java:392)
		at org.hibernate.engine.jdbc.env.internal.JdbcEnvironmentInitiator.initiateService(JdbcEnvironmentInitiator.java:129)
		at org.hibernate.engine.jdbc.env.internal.JdbcEnvironmentInitiator.initiateService(JdbcEnvironmentInitiator.java:81)
		at org.hibernate.boot.registry.internal.StandardServiceRegistryImpl.initiateService(StandardServiceRegistryImpl.java:130)
		at org.hibernate.service.internal.AbstractServiceRegistryImpl.createService(AbstractServiceRegistryImpl.java:263)
		... 58 more
08-Dec-2025 16:37:08.537 INFO [Catalina-utility-1] org.apache.catalina.startup.HostConfig.deployWAR Deployment of web application archive [/home/commesse/nuovo-nix/tomcat10/webapps/commesse-0.0.1-SNAPSHOT.war] has finished in [10,323] ms
08-Dec-2025 16:46:39.362 INFO [main] org.apache.catalina.core.StandardServer.await A valid shutdown command was received via the shutdown port. Stopping the Server instance.
08-Dec-2025 16:46:39.363 INFO [main] org.apache.coyote.AbstractProtocol.pause Pausing ProtocolHandler ["http-nio-8080"]
08-Dec-2025 16:46:39.366 INFO [main] org.apache.catalina.core.StandardService.stopInternal Stopping service [Catalina]
08-Dec-2025 16:46:39.392 INFO [main] org.apache.coyote.AbstractProtocol.stop Stopping ProtocolHandler ["http-nio-8080"]
08-Dec-2025 16:46:39.401 INFO [main] org.apache.coyote.AbstractProtocol.destroy Destroying ProtocolHandler ["http-nio-8080"]
08-Dec-2025 16:46:39.405 WARNING [main] org.apache.catalina.loader.WebappClassLoaderBase.clearReferencesJdbc The web application [commesse-0.0.1-SNAPSHOT] registered the JDBC driver [com.mysql.cj.jdbc.Driver] but failed to unregister it when the web application was stopped. To prevent a memory leak, the JDBC Driver has been forcibly unregistered.
08-Dec-2025 16:46:39.406 WARNING [main] org.apache.catalina.loader.WebappClassLoaderBase.clearReferencesThreads The web application [commesse-0.0.1-SNAPSHOT] appears to have started a thread named [mysql-cj-abandoned-connection-cleanup] but has failed to stop it. This is very likely to create a memory leak. Stack trace of thread:
 java.base/jdk.internal.misc.Unsafe.park(Native Method)
 java.base/java.util.concurrent.locks.LockSupport.parkNanos(LockSupport.java:269)
 java.base/java.util.concurrent.locks.AbstractQueuedSynchronizer$ConditionObject.await(AbstractQueuedSynchronizer.java:1847)
 java.base/java.lang.ref.ReferenceQueue.await(ReferenceQueue.java:71)
 java.base/java.lang.ref.ReferenceQueue.remove0(ReferenceQueue.java:143)
 java.base/java.lang.ref.ReferenceQueue.remove(ReferenceQueue.java:218)
 com.mysql.cj.jdbc.AbandonedConnectionCleanupThread.run(AbandonedConnectionCleanupThread.java:91)
 java.base/java.util.concurrent.ThreadPoolExecutor.runWorker(ThreadPoolExecutor.java:1144)
 java.base/java.util.concurrent.ThreadPoolExecutor$Worker.run(ThreadPoolExecutor.java:642)
 java.base/java.lang.Thread.run(Thread.java:1583)
08-Dec-2025 19:40:26.419 INFO [main] org.apache.catalina.startup.VersionLoggerListener.log Server version name:   Apache Tomcat/10.1.20
08-Dec-2025 19:40:26.424 INFO [main] org.apache.catalina.startup.VersionLoggerListener.log Server built:          Mar 19 2024 12:49:58 UTC
08-Dec-2025 19:40:26.425 INFO [main] org.apache.catalina.startup.VersionLoggerListener.log Server version number: 10.1.20.0
08-Dec-2025 19:40:26.426 INFO [main] org.apache.catalina.startup.VersionLoggerListener.log OS Name:               Linux
08-Dec-2025 19:40:26.426 INFO [main] org.apache.catalina.startup.VersionLoggerListener.log OS Version:            6.6.87.2-microsoft-standard-WSL2
08-Dec-2025 19:40:26.426 INFO [main] org.apache.catalina.startup.VersionLoggerListener.log Architecture:          amd64
08-Dec-2025 19:40:26.426 INFO [main] org.apache.catalina.startup.VersionLoggerListener.log Java Home:             /nix/store/0n8rsyvlwy87bqb7151si4c4ifqcp31c-openjdk-21+35/lib/openjdk
08-Dec-2025 19:40:26.426 INFO [main] org.apache.catalina.startup.VersionLoggerListener.log JVM Version:           21+35-nixos
08-Dec-2025 19:40:26.426 INFO [main] org.apache.catalina.startup.VersionLoggerListener.log JVM Vendor:            Oracle Corporation
08-Dec-2025 19:40:26.426 INFO [main] org.apache.catalina.startup.VersionLoggerListener.log CATALINA_BASE:         /home/commesse/nuovo-nix/tomcat10
08-Dec-2025 19:40:26.426 INFO [main] org.apache.catalina.startup.VersionLoggerListener.log CATALINA_HOME:         /home/commesse/nuovo-nix/tomcat10
08-Dec-2025 19:40:26.454 INFO [main] org.apache.catalina.startup.VersionLoggerListener.log Command line argument: -Djava.util.logging.config.file=/home/commesse/nuovo-nix/tomcat10/conf/logging.properties
08-Dec-2025 19:40:26.455 INFO [main] org.apache.catalina.startup.VersionLoggerListener.log Command line argument: -Djava.util.logging.manager=org.apache.juli.ClassLoaderLogManager
08-Dec-2025 19:40:26.455 INFO [main] org.apache.catalina.startup.VersionLoggerListener.log Command line argument: -Xms512m
08-Dec-2025 19:40:26.455 INFO [main] org.apache.catalina.startup.VersionLoggerListener.log Command line argument: -Xmx1024m
08-Dec-2025 19:40:26.456 INFO [main] org.apache.catalina.startup.VersionLoggerListener.log Command line argument: -Djava.awt.headless=true
08-Dec-2025 19:40:26.456 INFO [main] org.apache.catalina.startup.VersionLoggerListener.log Command line argument: -Dfile.encoding=UTF-8
08-Dec-2025 19:40:26.456 INFO [main] org.apache.catalina.startup.VersionLoggerListener.log Command line argument: -Djdk.tls.ephemeralDHKeySize=2048
08-Dec-2025 19:40:26.456 INFO [main] org.apache.catalina.startup.VersionLoggerListener.log Command line argument: -Djava.protocol.handler.pkgs=org.apache.catalina.webresources
08-Dec-2025 19:40:26.457 INFO [main] org.apache.catalina.startup.VersionLoggerListener.log Command line argument: -Dorg.apache.catalina.security.SecurityListener.UMASK=0027
08-Dec-2025 19:40:26.457 INFO [main] org.apache.catalina.startup.VersionLoggerListener.log Command line argument: --add-opens=java.base/java.lang=ALL-UNNAMED
08-Dec-2025 19:40:26.457 INFO [main] org.apache.catalina.startup.VersionLoggerListener.log Command line argument: --add-opens=java.base/java.io=ALL-UNNAMED
08-Dec-2025 19:40:26.457 INFO [main] org.apache.catalina.startup.VersionLoggerListener.log Command line argument: --add-opens=java.base/java.util=ALL-UNNAMED
08-Dec-2025 19:40:26.457 INFO [main] org.apache.catalina.startup.VersionLoggerListener.log Command line argument: --add-opens=java.base/java.util.concurrent=ALL-UNNAMED
08-Dec-2025 19:40:26.457 INFO [main] org.apache.catalina.startup.VersionLoggerListener.log Command line argument: --add-opens=java.rmi/sun.rmi.transport=ALL-UNNAMED
08-Dec-2025 19:40:26.457 INFO [main] org.apache.catalina.startup.VersionLoggerListener.log Command line argument: -Dcatalina.base=/home/commesse/nuovo-nix/tomcat10
08-Dec-2025 19:40:26.458 INFO [main] org.apache.catalina.startup.VersionLoggerListener.log Command line argument: -Dcatalina.home=/home/commesse/nuovo-nix/tomcat10
08-Dec-2025 19:40:26.458 INFO [main] org.apache.catalina.startup.VersionLoggerListener.log Command line argument: -Djava.io.tmpdir=/home/commesse/nuovo-nix/tomcat10/temp
08-Dec-2025 19:40:26.459 INFO [main] org.apache.catalina.core.AprLifecycleListener.lifecycleEvent The Apache Tomcat Native library which allows using OpenSSL was not found on the java.library.path: [/usr/java/packages/lib:/usr/lib64:/lib64:/lib:/usr/lib]
08-Dec-2025 19:40:26.906 INFO [main] org.apache.coyote.AbstractProtocol.init Initializing ProtocolHandler ["http-nio-8080"]
08-Dec-2025 19:40:26.945 INFO [main] org.apache.catalina.startup.Catalina.load Server initialization in [757] milliseconds
08-Dec-2025 19:40:27.028 INFO [main] org.apache.catalina.core.StandardService.startInternal Starting service [Catalina]
08-Dec-2025 19:40:27.028 INFO [main] org.apache.catalina.core.StandardEngine.startInternal Starting Servlet engine: [Apache Tomcat/10.1.20]
08-Dec-2025 19:40:27.070 INFO [main] org.apache.catalina.startup.HostConfig.deployWAR Deploying web application archive [/home/commesse/nuovo-nix/tomcat10/webapps/commesse-0.0.1-SNAPSHOT.war]
08-Dec-2025 19:40:30.343 INFO [main] org.apache.jasper.servlet.TldScanner.scanJars At least one JAR was scanned for TLDs yet contained no TLDs. Enable debug logging for this logger for a complete list of JARs that were scanned but no TLDs were found in them. Skipping unneeded JARs during scanning can improve startup time and JSP compilation time.

  .   ____          _            __ _ _
 /\\ / ___'_ __ _ _(_)_ __  __ _ \ \ \ \
( ( )\___ | '_ | '_| | '_ \/ _` | \ \ \ \
 \\/  ___)| |_)| | | | | || (_| |  ) ) ) )
  '  |____| .__|_| |_|_| |_\__, | / / / /
 =========|_|==============|___/=/_/_/_/

 :: Spring Boot ::                (v3.4.4)

2025-12-08T19:40:31.228+01:00  INFO 12806 --- [commesse] [           main] c.gestione.commesse.ServletInitializer   : Starting ServletInitializer v0.1 using Java 21 with PID 12806 (/home/commesse/nuovo-nix/tomcat10/webapps/commesse-0.0.1-SNAPSHOT/WEB-INF/classes started by commesse in /home/commesse/nuovo-nix/tomcat10)
2025-12-08T19:40:31.231+01:00  INFO 12806 --- [commesse] [           main] c.gestione.commesse.ServletInitializer   : No active profile set, falling back to 1 default profile: "default"
2025-12-08T19:40:32.280+01:00  INFO 12806 --- [commesse] [           main] .s.d.r.c.RepositoryConfigurationDelegate : Bootstrapping Spring Data JPA repositories in DEFAULT mode.
2025-12-08T19:40:32.450+01:00  INFO 12806 --- [commesse] [           main] .s.d.r.c.RepositoryConfigurationDelegate : Finished Spring Data repository scanning in 156 ms. Found 24 JPA repository interfaces.
2025-12-08T19:40:32.994+01:00  INFO 12806 --- [commesse] [           main] w.s.c.ServletWebServerApplicationContext : Root WebApplicationContext: initialization completed in 1697 ms
2025-12-08T19:40:33.739+01:00  INFO 12806 --- [commesse] [           main] o.hibernate.jpa.internal.util.LogHelper  : HHH000204: Processing PersistenceUnitInfo [name: default]
2025-12-08T19:40:33.897+01:00  INFO 12806 --- [commesse] [           main] org.hibernate.Version                    : HHH000412: Hibernate ORM core version 6.6.11.Final
2025-12-08T19:40:34.049+01:00  INFO 12806 --- [commesse] [           main] o.h.c.internal.RegionFactoryInitiator    : HHH000026: Second-level cache disabled
2025-12-08T19:40:34.437+01:00  INFO 12806 --- [commesse] [           main] o.s.o.j.p.SpringPersistenceUnitInfo      : No LoadTimeWeaver setup: ignoring JPA class transformer
2025-12-08T19:40:34.490+01:00  INFO 12806 --- [commesse] [           main] com.zaxxer.hikari.HikariDataSource       : HikariPool-1 - Starting...
2025-12-08T19:40:35.753+01:00  WARN 12806 --- [commesse] [           main] o.h.engine.jdbc.spi.SqlExceptionHelper   : SQL Error: 1698, SQLState: 28000
2025-12-08T19:40:35.753+01:00 ERROR 12806 --- [commesse] [           main] o.h.engine.jdbc.spi.SqlExceptionHelper   : Access denied for user 'root'@'192.168.1.1'
2025-12-08T19:40:35.761+01:00  WARN 12806 --- [commesse] [           main] o.h.e.j.e.i.JdbcEnvironmentInitiator     : HHH000342: Could not obtain connection to query metadata

org.hibernate.exception.GenericJDBCException: unable to obtain isolated JDBC connection [Access denied for user 'root'@'192.168.1.1'] [n/a]
	at org.hibernate.exception.internal.StandardSQLExceptionConverter.convert(StandardSQLExceptionConverter.java:63) ~[hibernate-core-6.6.11.Final.jar:6.6.11.Final]
	at org.hibernate.engine.jdbc.spi.SqlExceptionHelper.convert(SqlExceptionHelper.java:108) ~[hibernate-core-6.6.11.Final.jar:6.6.11.Final]
	at org.hibernate.engine.jdbc.spi.SqlExceptionHelper.convert(SqlExceptionHelper.java:94) ~[hibernate-core-6.6.11.Final.jar:6.6.11.Final]
	at org.hibernate.resource.transaction.backend.jdbc.internal.JdbcIsolationDelegate.delegateWork(JdbcIsolationDelegate.java:116) ~[hibernate-core-6.6.11.Final.jar:6.6.11.Final]
	at org.hibernate.engine.jdbc.env.internal.JdbcEnvironmentInitiator.getJdbcEnvironmentUsingJdbcMetadata(JdbcEnvironmentInitiator.java:320) ~[hibernate-core-6.6.11.Final.jar:6.6.11.Final]
	at org.hibernate.engine.jdbc.env.internal.JdbcEnvironmentInitiator.initiateService(JdbcEnvironmentInitiator.java:129) ~[hibernate-core-6.6.11.Final.jar:6.6.11.Final]
	at org.hibernate.engine.jdbc.env.internal.JdbcEnvironmentInitiator.initiateService(JdbcEnvironmentInitiator.java:81) ~[hibernate-core-6.6.11.Final.jar:6.6.11.Final]
	at org.hibernate.boot.registry.internal.StandardServiceRegistryImpl.initiateService(StandardServiceRegistryImpl.java:130) ~[hibernate-core-6.6.11.Final.jar:6.6.11.Final]
	at org.hibernate.service.internal.AbstractServiceRegistryImpl.createService(AbstractServiceRegistryImpl.java:263) ~[hibernate-core-6.6.11.Final.jar:6.6.11.Final]
	at org.hibernate.service.internal.AbstractServiceRegistryImpl.initializeService(AbstractServiceRegistryImpl.java:238) ~[hibernate-core-6.6.11.Final.jar:6.6.11.Final]
	at org.hibernate.service.internal.AbstractServiceRegistryImpl.getService(AbstractServiceRegistryImpl.java:215) ~[hibernate-core-6.6.11.Final.jar:6.6.11.Final]
	at org.hibernate.boot.model.relational.Database.<init>(Database.java:45) ~[hibernate-core-6.6.11.Final.jar:6.6.11.Final]
	at org.hibernate.boot.internal.InFlightMetadataCollectorImpl.getDatabase(InFlightMetadataCollectorImpl.java:226) ~[hibernate-core-6.6.11.Final.jar:6.6.11.Final]
	at org.hibernate.boot.internal.InFlightMetadataCollectorImpl.<init>(InFlightMetadataCollectorImpl.java:194) ~[hibernate-core-6.6.11.Final.jar:6.6.11.Final]
	at org.hibernate.boot.model.process.spi.MetadataBuildingProcess.complete(MetadataBuildingProcess.java:171) ~[hibernate-core-6.6.11.Final.jar:6.6.11.Final]
	at org.hibernate.jpa.boot.internal.EntityManagerFactoryBuilderImpl.metadata(EntityManagerFactoryBuilderImpl.java:1442) ~[hibernate-core-6.6.11.Final.jar:6.6.11.Final]
	at org.hibernate.jpa.boot.internal.EntityManagerFactoryBuilderImpl.build(EntityManagerFactoryBuilderImpl.java:1513) ~[hibernate-core-6.6.11.Final.jar:6.6.11.Final]
	at org.springframework.orm.jpa.vendor.SpringHibernateJpaPersistenceProvider.createContainerEntityManagerFactory(SpringHibernateJpaPersistenceProvider.java:66) ~[spring-orm-6.2.5.jar:6.2.5]
	at org.springframework.orm.jpa.LocalContainerEntityManagerFactoryBean.createNativeEntityManagerFactory(LocalContainerEntityManagerFactoryBean.java:390) ~[spring-orm-6.2.5.jar:6.2.5]
	at org.springframework.orm.jpa.AbstractEntityManagerFactoryBean.buildNativeEntityManagerFactory(AbstractEntityManagerFactoryBean.java:419) ~[spring-orm-6.2.5.jar:6.2.5]
	at org.springframework.orm.jpa.AbstractEntityManagerFactoryBean.afterPropertiesSet(AbstractEntityManagerFactoryBean.java:400) ~[spring-orm-6.2.5.jar:6.2.5]
	at org.springframework.orm.jpa.LocalContainerEntityManagerFactoryBean.afterPropertiesSet(LocalContainerEntityManagerFactoryBean.java:366) ~[spring-orm-6.2.5.jar:6.2.5]
	at org.springframework.beans.factory.support.AbstractAutowireCapableBeanFactory.invokeInitMethods(AbstractAutowireCapableBeanFactory.java:1859) ~[spring-beans-6.2.5.jar:6.2.5]
	at org.springframework.beans.factory.support.AbstractAutowireCapableBeanFactory.initializeBean(AbstractAutowireCapableBeanFactory.java:1808) ~[spring-beans-6.2.5.jar:6.2.5]
	at org.springframework.beans.factory.support.AbstractAutowireCapableBeanFactory.doCreateBean(AbstractAutowireCapableBeanFactory.java:601) ~[spring-beans-6.2.5.jar:6.2.5]
	at org.springframework.beans.factory.support.AbstractAutowireCapableBeanFactory.createBean(AbstractAutowireCapableBeanFactory.java:523) ~[spring-beans-6.2.5.jar:6.2.5]
	at org.springframework.beans.factory.support.AbstractBeanFactory.lambda$doGetBean$0(AbstractBeanFactory.java:339) ~[spring-beans-6.2.5.jar:6.2.5]
	at org.springframework.beans.factory.support.DefaultSingletonBeanRegistry.getSingleton(DefaultSingletonBeanRegistry.java:347) ~[spring-beans-6.2.5.jar:6.2.5]
	at org.springframework.beans.factory.support.AbstractBeanFactory.doGetBean(AbstractBeanFactory.java:337) ~[spring-beans-6.2.5.jar:6.2.5]
	at org.springframework.beans.factory.support.AbstractBeanFactory.getBean(AbstractBeanFactory.java:207) ~[spring-beans-6.2.5.jar:6.2.5]
	at org.springframework.context.support.AbstractApplicationContext.finishBeanFactoryInitialization(AbstractApplicationContext.java:970) ~[spring-context-6.2.5.jar:6.2.5]
	at org.springframework.context.support.AbstractApplicationContext.refresh(AbstractApplicationContext.java:627) ~[spring-context-6.2.5.jar:6.2.5]
	at org.springframework.boot.web.servlet.context.ServletWebServerApplicationContext.refresh(ServletWebServerApplicationContext.java:146) ~[spring-boot-3.4.4.jar:3.4.4]
	at org.springframework.boot.SpringApplication.refresh(SpringApplication.java:752) ~[spring-boot-3.4.4.jar:3.4.4]
	at org.springframework.boot.SpringApplication.refreshContext(SpringApplication.java:439) ~[spring-boot-3.4.4.jar:3.4.4]
	at org.springframework.boot.SpringApplication.run(SpringApplication.java:318) ~[spring-boot-3.4.4.jar:3.4.4]
	at org.springframework.boot.web.servlet.support.SpringBootServletInitializer.run(SpringBootServletInitializer.java:194) ~[spring-boot-3.4.4.jar:3.4.4]
	at org.springframework.boot.web.servlet.support.SpringBootServletInitializer.createRootApplicationContext(SpringBootServletInitializer.java:174) ~[spring-boot-3.4.4.jar:3.4.4]
	at org.springframework.boot.web.servlet.support.SpringBootServletInitializer.onStartup(SpringBootServletInitializer.java:102) ~[spring-boot-3.4.4.jar:3.4.4]
	at org.springframework.web.SpringServletContainerInitializer.onStartup(SpringServletContainerInitializer.java:171) ~[spring-web-6.2.5.jar:6.2.5]
	at org.apache.catalina.core.StandardContext.startInternal(StandardContext.java:4880) ~[catalina.jar:10.1.20]
	at org.apache.catalina.util.LifecycleBase.start(LifecycleBase.java:171) ~[catalina.jar:10.1.20]
	at org.apache.catalina.core.ContainerBase.addChildInternal(ContainerBase.java:683) ~[catalina.jar:10.1.20]
	at org.apache.catalina.core.ContainerBase.addChild(ContainerBase.java:658) ~[catalina.jar:10.1.20]
	at org.apache.catalina.core.StandardHost.addChild(StandardHost.java:712) ~[catalina.jar:10.1.20]
	at org.apache.catalina.startup.HostConfig.deployWAR(HostConfig.java:969) ~[catalina.jar:10.1.20]
	at org.apache.catalina.startup.HostConfig$DeployWar.run(HostConfig.java:1911) ~[catalina.jar:10.1.20]
	at java.base/java.util.concurrent.Executors$RunnableAdapter.call(Executors.java:572) ~[na:na]
	at java.base/java.util.concurrent.FutureTask.run(FutureTask.java:317) ~[na:na]
	at org.apache.tomcat.util.threads.InlineExecutorService.execute(InlineExecutorService.java:75) ~[tomcat-util.jar:10.1.20]
	at java.base/java.util.concurrent.AbstractExecutorService.submit(AbstractExecutorService.java:123) ~[na:na]
	at org.apache.catalina.startup.HostConfig.deployWARs(HostConfig.java:771) ~[catalina.jar:10.1.20]
	at org.apache.catalina.startup.HostConfig.deployApps(HostConfig.java:423) ~[catalina.jar:10.1.20]
	at org.apache.catalina.startup.HostConfig.start(HostConfig.java:1629) ~[catalina.jar:10.1.20]
	at org.apache.catalina.startup.HostConfig.lifecycleEvent(HostConfig.java:303) ~[catalina.jar:10.1.20]
	at org.apache.catalina.util.LifecycleBase.fireLifecycleEvent(LifecycleBase.java:114) ~[catalina.jar:10.1.20]
	at org.apache.catalina.util.LifecycleBase.setStateInternal(LifecycleBase.java:402) ~[catalina.jar:10.1.20]
	at org.apache.catalina.util.LifecycleBase.setState(LifecycleBase.java:345) ~[catalina.jar:10.1.20]
	at org.apache.catalina.core.ContainerBase.startInternal(ContainerBase.java:893) ~[catalina.jar:10.1.20]
	at org.apache.catalina.core.StandardHost.startInternal(StandardHost.java:845) ~[catalina.jar:10.1.20]
	at org.apache.catalina.util.LifecycleBase.start(LifecycleBase.java:171) ~[catalina.jar:10.1.20]
	at org.apache.catalina.core.ContainerBase$StartChild.call(ContainerBase.java:1332) ~[catalina.jar:10.1.20]
	at org.apache.catalina.core.ContainerBase$StartChild.call(ContainerBase.java:1322) ~[catalina.jar:10.1.20]
	at java.base/java.util.concurrent.FutureTask.run(FutureTask.java:317) ~[na:na]
	at org.apache.tomcat.util.threads.InlineExecutorService.execute(InlineExecutorService.java:75) ~[tomcat-util.jar:10.1.20]
	at java.base/java.util.concurrent.AbstractExecutorService.submit(AbstractExecutorService.java:145) ~[na:na]
	at org.apache.catalina.core.ContainerBase.startInternal(ContainerBase.java:866) ~[catalina.jar:10.1.20]
	at org.apache.catalina.core.StandardEngine.startInternal(StandardEngine.java:240) ~[catalina.jar:10.1.20]
	at org.apache.catalina.util.LifecycleBase.start(LifecycleBase.java:171) ~[catalina.jar:10.1.20]
	at org.apache.catalina.core.StandardService.startInternal(StandardService.java:433) ~[catalina.jar:10.1.20]
	at org.apache.catalina.util.LifecycleBase.start(LifecycleBase.java:171) ~[catalina.jar:10.1.20]
	at org.apache.catalina.core.StandardServer.startInternal(StandardServer.java:921) ~[catalina.jar:10.1.20]
	at org.apache.catalina.util.LifecycleBase.start(LifecycleBase.java:171) ~[catalina.jar:10.1.20]
	at org.apache.catalina.startup.Catalina.start(Catalina.java:757) ~[catalina.jar:10.1.20]
	at java.base/jdk.internal.reflect.DirectMethodHandleAccessor.invoke(DirectMethodHandleAccessor.java:103) ~[na:na]
	at java.base/java.lang.reflect.Method.invoke(Method.java:580) ~[na:na]
	at org.apache.catalina.startup.Bootstrap.start(Bootstrap.java:345) ~[bootstrap.jar:10.1.20]
	at org.apache.catalina.startup.Bootstrap.main(Bootstrap.java:473) ~[bootstrap.jar:10.1.20]
Caused by: java.sql.SQLException: Access denied for user 'root'@'192.168.1.1'
	at com.mysql.cj.jdbc.exceptions.SQLError.createSQLException(SQLError.java:129) ~[mysql-connector-java-8.0.28.jar:8.0.28]
	at com.mysql.cj.jdbc.exceptions.SQLExceptionsMapping.translateException(SQLExceptionsMapping.java:122) ~[mysql-connector-java-8.0.28.jar:8.0.28]
	at com.mysql.cj.jdbc.ConnectionImpl.createNewIO(ConnectionImpl.java:829) ~[mysql-connector-java-8.0.28.jar:8.0.28]
	at com.mysql.cj.jdbc.ConnectionImpl.<init>(ConnectionImpl.java:449) ~[mysql-connector-java-8.0.28.jar:8.0.28]
	at com.mysql.cj.jdbc.ConnectionImpl.getInstance(ConnectionImpl.java:242) ~[mysql-connector-java-8.0.28.jar:8.0.28]
	at com.mysql.cj.jdbc.NonRegisteringDriver.connect(NonRegisteringDriver.java:198) ~[mysql-connector-java-8.0.28.jar:8.0.28]
	at com.zaxxer.hikari.util.DriverDataSource.getConnection(DriverDataSource.java:137) ~[HikariCP-5.1.0.jar:na]
	at com.zaxxer.hikari.pool.PoolBase.newConnection(PoolBase.java:360) ~[HikariCP-5.1.0.jar:na]
	at com.zaxxer.hikari.pool.PoolBase.newPoolEntry(PoolBase.java:202) ~[HikariCP-5.1.0.jar:na]
	at com.zaxxer.hikari.pool.HikariPool.createPoolEntry(HikariPool.java:461) ~[HikariCP-5.1.0.jar:na]
	at com.zaxxer.hikari.pool.HikariPool.checkFailFast(HikariPool.java:550) ~[HikariCP-5.1.0.jar:na]
	at com.zaxxer.hikari.pool.HikariPool.<init>(HikariPool.java:98) ~[HikariCP-5.1.0.jar:na]
	at com.zaxxer.hikari.HikariDataSource.getConnection(HikariDataSource.java:111) ~[HikariCP-5.1.0.jar:na]
	at org.hibernate.engine.jdbc.connections.internal.DatasourceConnectionProviderImpl.getConnection(DatasourceConnectionProviderImpl.java:126) ~[hibernate-core-6.6.11.Final.jar:6.6.11.Final]
	at org.hibernate.engine.jdbc.env.internal.JdbcEnvironmentInitiator$ConnectionProviderJdbcConnectionAccess.obtainConnection(JdbcEnvironmentInitiator.java:467) ~[hibernate-core-6.6.11.Final.jar:6.6.11.Final]
	at org.hibernate.resource.transaction.backend.jdbc.internal.JdbcIsolationDelegate.delegateWork(JdbcIsolationDelegate.java:61) ~[hibernate-core-6.6.11.Final.jar:6.6.11.Final]
	... 74 common frames omitted

2025-12-08T19:40:35.770+01:00 ERROR 12806 --- [commesse] [           main] j.LocalContainerEntityManagerFactoryBean : Failed to initialize JPA EntityManagerFactory: Unable to create requested service [org.hibernate.engine.jdbc.env.spi.JdbcEnvironment] due to: Unable to determine Dialect without JDBC metadata (please set 'jakarta.persistence.jdbc.url' for common cases or 'hibernate.dialect' when a custom Dialect implementation must be provided)
2025-12-08T19:40:35.770+01:00  WARN 12806 --- [commesse] [           main] ConfigServletWebServerApplicationContext : Exception encountered during context initialization - cancelling refresh attempt: org.springframework.beans.factory.BeanCreationException: Error creating bean with name 'entityManagerFactory' defined in class path resource [org/springframework/boot/autoconfigure/orm/jpa/HibernateJpaConfiguration.class]: Unable to create requested service [org.hibernate.engine.jdbc.env.spi.JdbcEnvironment] due to: Unable to determine Dialect without JDBC metadata (please set 'jakarta.persistence.jdbc.url' for common cases or 'hibernate.dialect' when a custom Dialect implementation must be provided)
2025-12-08T19:40:35.781+01:00  INFO 12806 --- [commesse] [           main] .s.b.a.l.ConditionEvaluationReportLogger : 

Error starting ApplicationContext. To display the condition evaluation report re-run your application with 'debug' enabled.
2025-12-08T19:40:35.804+01:00 ERROR 12806 --- [commesse] [           main] o.s.boot.SpringApplication               : Application run failed

org.springframework.beans.factory.BeanCreationException: Error creating bean with name 'entityManagerFactory' defined in class path resource [org/springframework/boot/autoconfigure/orm/jpa/HibernateJpaConfiguration.class]: Unable to create requested service [org.hibernate.engine.jdbc.env.spi.JdbcEnvironment] due to: Unable to determine Dialect without JDBC metadata (please set 'jakarta.persistence.jdbc.url' for common cases or 'hibernate.dialect' when a custom Dialect implementation must be provided)
	at org.springframework.beans.factory.support.AbstractAutowireCapableBeanFactory.initializeBean(AbstractAutowireCapableBeanFactory.java:1812) ~[spring-beans-6.2.5.jar:6.2.5]
	at org.springframework.beans.factory.support.AbstractAutowireCapableBeanFactory.doCreateBean(AbstractAutowireCapableBeanFactory.java:601) ~[spring-beans-6.2.5.jar:6.2.5]
	at org.springframework.beans.factory.support.AbstractAutowireCapableBeanFactory.createBean(AbstractAutowireCapableBeanFactory.java:523) ~[spring-beans-6.2.5.jar:6.2.5]
	at org.springframework.beans.factory.support.AbstractBeanFactory.lambda$doGetBean$0(AbstractBeanFactory.java:339) ~[spring-beans-6.2.5.jar:6.2.5]
	at org.springframework.beans.factory.support.DefaultSingletonBeanRegistry.getSingleton(DefaultSingletonBeanRegistry.java:347) ~[spring-beans-6.2.5.jar:6.2.5]
	at org.springframework.beans.factory.support.AbstractBeanFactory.doGetBean(AbstractBeanFactory.java:337) ~[spring-beans-6.2.5.jar:6.2.5]
	at org.springframework.beans.factory.support.AbstractBeanFactory.getBean(AbstractBeanFactory.java:207) ~[spring-beans-6.2.5.jar:6.2.5]
	at org.springframework.context.support.AbstractApplicationContext.finishBeanFactoryInitialization(AbstractApplicationContext.java:970) ~[spring-context-6.2.5.jar:6.2.5]
	at org.springframework.context.support.AbstractApplicationContext.refresh(AbstractApplicationContext.java:627) ~[spring-context-6.2.5.jar:6.2.5]
	at org.springframework.boot.web.servlet.context.ServletWebServerApplicationContext.refresh(ServletWebServerApplicationContext.java:146) ~[spring-boot-3.4.4.jar:3.4.4]
	at org.springframework.boot.SpringApplication.refresh(SpringApplication.java:752) ~[spring-boot-3.4.4.jar:3.4.4]
	at org.springframework.boot.SpringApplication.refreshContext(SpringApplication.java:439) ~[spring-boot-3.4.4.jar:3.4.4]
	at org.springframework.boot.SpringApplication.run(SpringApplication.java:318) ~[spring-boot-3.4.4.jar:3.4.4]
	at org.springframework.boot.web.servlet.support.SpringBootServletInitializer.run(SpringBootServletInitializer.java:194) ~[spring-boot-3.4.4.jar:3.4.4]
	at org.springframework.boot.web.servlet.support.SpringBootServletInitializer.createRootApplicationContext(SpringBootServletInitializer.java:174) ~[spring-boot-3.4.4.jar:3.4.4]
	at org.springframework.boot.web.servlet.support.SpringBootServletInitializer.onStartup(SpringBootServletInitializer.java:102) ~[spring-boot-3.4.4.jar:3.4.4]
	at org.springframework.web.SpringServletContainerInitializer.onStartup(SpringServletContainerInitializer.java:171) ~[spring-web-6.2.5.jar:6.2.5]
	at org.apache.catalina.core.StandardContext.startInternal(StandardContext.java:4880) ~[catalina.jar:10.1.20]
	at org.apache.catalina.util.LifecycleBase.start(LifecycleBase.java:171) ~[catalina.jar:10.1.20]
	at org.apache.catalina.core.ContainerBase.addChildInternal(ContainerBase.java:683) ~[catalina.jar:10.1.20]
	at org.apache.catalina.core.ContainerBase.addChild(ContainerBase.java:658) ~[catalina.jar:10.1.20]
	at org.apache.catalina.core.StandardHost.addChild(StandardHost.java:712) ~[catalina.jar:10.1.20]
	at org.apache.catalina.startup.HostConfig.deployWAR(HostConfig.java:969) ~[catalina.jar:10.1.20]
	at org.apache.catalina.startup.HostConfig$DeployWar.run(HostConfig.java:1911) ~[catalina.jar:10.1.20]
	at java.base/java.util.concurrent.Executors$RunnableAdapter.call(Executors.java:572) ~[na:na]
	at java.base/java.util.concurrent.FutureTask.run(FutureTask.java:317) ~[na:na]
	at org.apache.tomcat.util.threads.InlineExecutorService.execute(InlineExecutorService.java:75) ~[tomcat-util.jar:10.1.20]
	at java.base/java.util.concurrent.AbstractExecutorService.submit(AbstractExecutorService.java:123) ~[na:na]
	at org.apache.catalina.startup.HostConfig.deployWARs(HostConfig.java:771) ~[catalina.jar:10.1.20]
	at org.apache.catalina.startup.HostConfig.deployApps(HostConfig.java:423) ~[catalina.jar:10.1.20]
	at org.apache.catalina.startup.HostConfig.start(HostConfig.java:1629) ~[catalina.jar:10.1.20]
	at org.apache.catalina.startup.HostConfig.lifecycleEvent(HostConfig.java:303) ~[catalina.jar:10.1.20]
	at org.apache.catalina.util.LifecycleBase.fireLifecycleEvent(LifecycleBase.java:114) ~[catalina.jar:10.1.20]
	at org.apache.catalina.util.LifecycleBase.setStateInternal(LifecycleBase.java:402) ~[catalina.jar:10.1.20]
	at org.apache.catalina.util.LifecycleBase.setState(LifecycleBase.java:345) ~[catalina.jar:10.1.20]
	at org.apache.catalina.core.ContainerBase.startInternal(ContainerBase.java:893) ~[catalina.jar:10.1.20]
	at org.apache.catalina.core.StandardHost.startInternal(StandardHost.java:845) ~[catalina.jar:10.1.20]
	at org.apache.catalina.util.LifecycleBase.start(LifecycleBase.java:171) ~[catalina.jar:10.1.20]
	at org.apache.catalina.core.ContainerBase$StartChild.call(ContainerBase.java:1332) ~[catalina.jar:10.1.20]
	at org.apache.catalina.core.ContainerBase$StartChild.call(ContainerBase.java:1322) ~[catalina.jar:10.1.20]
	at java.base/java.util.concurrent.FutureTask.run(FutureTask.java:317) ~[na:na]
	at org.apache.tomcat.util.threads.InlineExecutorService.execute(InlineExecutorService.java:75) ~[tomcat-util.jar:10.1.20]
	at java.base/java.util.concurrent.AbstractExecutorService.submit(AbstractExecutorService.java:145) ~[na:na]
	at org.apache.catalina.core.ContainerBase.startInternal(ContainerBase.java:866) ~[catalina.jar:10.1.20]
	at org.apache.catalina.core.StandardEngine.startInternal(StandardEngine.java:240) ~[catalina.jar:10.1.20]
	at org.apache.catalina.util.LifecycleBase.start(LifecycleBase.java:171) ~[catalina.jar:10.1.20]
	at org.apache.catalina.core.StandardService.startInternal(StandardService.java:433) ~[catalina.jar:10.1.20]
	at org.apache.catalina.util.LifecycleBase.start(LifecycleBase.java:171) ~[catalina.jar:10.1.20]
	at org.apache.catalina.core.StandardServer.startInternal(StandardServer.java:921) ~[catalina.jar:10.1.20]
	at org.apache.catalina.util.LifecycleBase.start(LifecycleBase.java:171) ~[catalina.jar:10.1.20]
	at org.apache.catalina.startup.Catalina.start(Catalina.java:757) ~[catalina.jar:10.1.20]
	at java.base/jdk.internal.reflect.DirectMethodHandleAccessor.invoke(DirectMethodHandleAccessor.java:103) ~[na:na]
	at java.base/java.lang.reflect.Method.invoke(Method.java:580) ~[na:na]
	at org.apache.catalina.startup.Bootstrap.start(Bootstrap.java:345) ~[bootstrap.jar:10.1.20]
	at org.apache.catalina.startup.Bootstrap.main(Bootstrap.java:473) ~[bootstrap.jar:10.1.20]
Caused by: org.hibernate.service.spi.ServiceException: Unable to create requested service [org.hibernate.engine.jdbc.env.spi.JdbcEnvironment] due to: Unable to determine Dialect without JDBC metadata (please set 'jakarta.persistence.jdbc.url' for common cases or 'hibernate.dialect' when a custom Dialect implementation must be provided)
	at org.hibernate.service.internal.AbstractServiceRegistryImpl.createService(AbstractServiceRegistryImpl.java:276) ~[hibernate-core-6.6.11.Final.jar:6.6.11.Final]
	at org.hibernate.service.internal.AbstractServiceRegistryImpl.initializeService(AbstractServiceRegistryImpl.java:238) ~[hibernate-core-6.6.11.Final.jar:6.6.11.Final]
	at org.hibernate.service.internal.AbstractServiceRegistryImpl.getService(AbstractServiceRegistryImpl.java:215) ~[hibernate-core-6.6.11.Final.jar:6.6.11.Final]
	at org.hibernate.boot.model.relational.Database.<init>(Database.java:45) ~[hibernate-core-6.6.11.Final.jar:6.6.11.Final]
	at org.hibernate.boot.internal.InFlightMetadataCollectorImpl.getDatabase(InFlightMetadataCollectorImpl.java:226) ~[hibernate-core-6.6.11.Final.jar:6.6.11.Final]
	at org.hibernate.boot.internal.InFlightMetadataCollectorImpl.<init>(InFlightMetadataCollectorImpl.java:194) ~[hibernate-core-6.6.11.Final.jar:6.6.11.Final]
	at org.hibernate.boot.model.process.spi.MetadataBuildingProcess.complete(MetadataBuildingProcess.java:171) ~[hibernate-core-6.6.11.Final.jar:6.6.11.Final]
	at org.hibernate.jpa.boot.internal.EntityManagerFactoryBuilderImpl.metadata(EntityManagerFactoryBuilderImpl.java:1442) ~[hibernate-core-6.6.11.Final.jar:6.6.11.Final]
	at org.hibernate.jpa.boot.internal.EntityManagerFactoryBuilderImpl.build(EntityManagerFactoryBuilderImpl.java:1513) ~[hibernate-core-6.6.11.Final.jar:6.6.11.Final]
	at org.springframework.orm.jpa.vendor.SpringHibernateJpaPersistenceProvider.createContainerEntityManagerFactory(SpringHibernateJpaPersistenceProvider.java:66) ~[spring-orm-6.2.5.jar:6.2.5]
	at org.springframework.orm.jpa.LocalContainerEntityManagerFactoryBean.createNativeEntityManagerFactory(LocalContainerEntityManagerFactoryBean.java:390) ~[spring-orm-6.2.5.jar:6.2.5]
	at org.springframework.orm.jpa.AbstractEntityManagerFactoryBean.buildNativeEntityManagerFactory(AbstractEntityManagerFactoryBean.java:419) ~[spring-orm-6.2.5.jar:6.2.5]
	at org.springframework.orm.jpa.AbstractEntityManagerFactoryBean.afterPropertiesSet(AbstractEntityManagerFactoryBean.java:400) ~[spring-orm-6.2.5.jar:6.2.5]
	at org.springframework.orm.jpa.LocalContainerEntityManagerFactoryBean.afterPropertiesSet(LocalContainerEntityManagerFactoryBean.java:366) ~[spring-orm-6.2.5.jar:6.2.5]
	at org.springframework.beans.factory.support.AbstractAutowireCapableBeanFactory.invokeInitMethods(AbstractAutowireCapableBeanFactory.java:1859) ~[spring-beans-6.2.5.jar:6.2.5]
	at org.springframework.beans.factory.support.AbstractAutowireCapableBeanFactory.initializeBean(AbstractAutowireCapableBeanFactory.java:1808) ~[spring-beans-6.2.5.jar:6.2.5]
	... 54 common frames omitted
Caused by: org.hibernate.HibernateException: Unable to determine Dialect without JDBC metadata (please set 'jakarta.persistence.jdbc.url' for common cases or 'hibernate.dialect' when a custom Dialect implementation must be provided)
	at org.hibernate.engine.jdbc.dialect.internal.DialectFactoryImpl.determineDialect(DialectFactoryImpl.java:191) ~[hibernate-core-6.6.11.Final.jar:6.6.11.Final]
	at org.hibernate.engine.jdbc.dialect.internal.DialectFactoryImpl.buildDialect(DialectFactoryImpl.java:87) ~[hibernate-core-6.6.11.Final.jar:6.6.11.Final]
	at org.hibernate.engine.jdbc.env.internal.JdbcEnvironmentInitiator.getJdbcEnvironmentWithDefaults(JdbcEnvironmentInitiator.java:181) ~[hibernate-core-6.6.11.Final.jar:6.6.11.Final]
	at org.hibernate.engine.jdbc.env.internal.JdbcEnvironmentInitiator.getJdbcEnvironmentUsingJdbcMetadata(JdbcEnvironmentInitiator.java:392) ~[hibernate-core-6.6.11.Final.jar:6.6.11.Final]
	at org.hibernate.engine.jdbc.env.internal.JdbcEnvironmentInitiator.initiateService(JdbcEnvironmentInitiator.java:129) ~[hibernate-core-6.6.11.Final.jar:6.6.11.Final]
	at org.hibernate.engine.jdbc.env.internal.JdbcEnvironmentInitiator.initiateService(JdbcEnvironmentInitiator.java:81) ~[hibernate-core-6.6.11.Final.jar:6.6.11.Final]
	at org.hibernate.boot.registry.internal.StandardServiceRegistryImpl.initiateService(StandardServiceRegistryImpl.java:130) ~[hibernate-core-6.6.11.Final.jar:6.6.11.Final]
	at org.hibernate.service.internal.AbstractServiceRegistryImpl.createService(AbstractServiceRegistryImpl.java:263) ~[hibernate-core-6.6.11.Final.jar:6.6.11.Final]
	... 69 common frames omitted

08-Dec-2025 19:40:35.808 SEVERE [main] org.apache.catalina.startup.HostConfig.deployWAR Error deploying web application archive [/home/commesse/nuovo-nix/tomcat10/webapps/commesse-0.0.1-SNAPSHOT.war]
	java.lang.IllegalStateException: Error starting child
		at org.apache.catalina.core.ContainerBase.addChildInternal(ContainerBase.java:686)
		at org.apache.catalina.core.ContainerBase.addChild(ContainerBase.java:658)
		at org.apache.catalina.core.StandardHost.addChild(StandardHost.java:712)
		at org.apache.catalina.startup.HostConfig.deployWAR(HostConfig.java:969)
		at org.apache.catalina.startup.HostConfig$DeployWar.run(HostConfig.java:1911)
		at java.base/java.util.concurrent.Executors$RunnableAdapter.call(Executors.java:572)
		at java.base/java.util.concurrent.FutureTask.run(FutureTask.java:317)
		at org.apache.tomcat.util.threads.InlineExecutorService.execute(InlineExecutorService.java:75)
		at java.base/java.util.concurrent.AbstractExecutorService.submit(AbstractExecutorService.java:123)
		at org.apache.catalina.startup.HostConfig.deployWARs(HostConfig.java:771)
		at org.apache.catalina.startup.HostConfig.deployApps(HostConfig.java:423)
		at org.apache.catalina.startup.HostConfig.start(HostConfig.java:1629)
		at org.apache.catalina.startup.HostConfig.lifecycleEvent(HostConfig.java:303)
		at org.apache.catalina.util.LifecycleBase.fireLifecycleEvent(LifecycleBase.java:114)
		at org.apache.catalina.util.LifecycleBase.setStateInternal(LifecycleBase.java:402)
		at org.apache.catalina.util.LifecycleBase.setState(LifecycleBase.java:345)
		at org.apache.catalina.core.ContainerBase.startInternal(ContainerBase.java:893)
		at org.apache.catalina.core.StandardHost.startInternal(StandardHost.java:845)
		at org.apache.catalina.util.LifecycleBase.start(LifecycleBase.java:171)
		at org.apache.catalina.core.ContainerBase$StartChild.call(ContainerBase.java:1332)
		at org.apache.catalina.core.ContainerBase$StartChild.call(ContainerBase.java:1322)
		at java.base/java.util.concurrent.FutureTask.run(FutureTask.java:317)
		at org.apache.tomcat.util.threads.InlineExecutorService.execute(InlineExecutorService.java:75)
		at java.base/java.util.concurrent.AbstractExecutorService.submit(AbstractExecutorService.java:145)
		at org.apache.catalina.core.ContainerBase.startInternal(ContainerBase.java:866)
		at org.apache.catalina.core.StandardEngine.startInternal(StandardEngine.java:240)
		at org.apache.catalina.util.LifecycleBase.start(LifecycleBase.java:171)
		at org.apache.catalina.core.StandardService.startInternal(StandardService.java:433)
		at org.apache.catalina.util.LifecycleBase.start(LifecycleBase.java:171)
		at org.apache.catalina.core.StandardServer.startInternal(StandardServer.java:921)
		at org.apache.catalina.util.LifecycleBase.start(LifecycleBase.java:171)
		at org.apache.catalina.startup.Catalina.start(Catalina.java:757)
		at java.base/jdk.internal.reflect.DirectMethodHandleAccessor.invoke(DirectMethodHandleAccessor.java:103)
		at java.base/java.lang.reflect.Method.invoke(Method.java:580)
		at org.apache.catalina.startup.Bootstrap.start(Bootstrap.java:345)
		at org.apache.catalina.startup.Bootstrap.main(Bootstrap.java:473)
	Caused by: org.apache.catalina.LifecycleException: Failed to start component [StandardEngine[Catalina].StandardHost[localhost].StandardContext[/commesse-0.0.1-SNAPSHOT]]
		at org.apache.catalina.util.LifecycleBase.handleSubClassException(LifecycleBase.java:419)
		at org.apache.catalina.util.LifecycleBase.start(LifecycleBase.java:186)
		at org.apache.catalina.core.ContainerBase.addChildInternal(ContainerBase.java:683)
		... 35 more
	Caused by: org.springframework.beans.factory.BeanCreationException: Error creating bean with name 'entityManagerFactory' defined in class path resource [org/springframework/boot/autoconfigure/orm/jpa/HibernateJpaConfiguration.class]: Unable to create requested service [org.hibernate.engine.jdbc.env.spi.JdbcEnvironment] due to: Unable to determine Dialect without JDBC metadata (please set 'jakarta.persistence.jdbc.url' for common cases or 'hibernate.dialect' when a custom Dialect implementation must be provided)
		at org.springframework.beans.factory.support.AbstractAutowireCapableBeanFactory.initializeBean(AbstractAutowireCapableBeanFactory.java:1812)
		at org.springframework.beans.factory.support.AbstractAutowireCapableBeanFactory.doCreateBean(AbstractAutowireCapableBeanFactory.java:601)
		at org.springframework.beans.factory.support.AbstractAutowireCapableBeanFactory.createBean(AbstractAutowireCapableBeanFactory.java:523)
		at org.springframework.beans.factory.support.AbstractBeanFactory.lambda$doGetBean$0(AbstractBeanFactory.java:339)
		at org.springframework.beans.factory.support.DefaultSingletonBeanRegistry.getSingleton(DefaultSingletonBeanRegistry.java:347)
		at org.springframework.beans.factory.support.AbstractBeanFactory.doGetBean(AbstractBeanFactory.java:337)
		at org.springframework.beans.factory.support.AbstractBeanFactory.getBean(AbstractBeanFactory.java:207)
		at org.springframework.context.support.AbstractApplicationContext.finishBeanFactoryInitialization(AbstractApplicationContext.java:970)
		at org.springframework.context.support.AbstractApplicationContext.refresh(AbstractApplicationContext.java:627)
		at org.springframework.boot.web.servlet.context.ServletWebServerApplicationContext.refresh(ServletWebServerApplicationContext.java:146)
		at org.springframework.boot.SpringApplication.refresh(SpringApplication.java:752)
		at org.springframework.boot.SpringApplication.refreshContext(SpringApplication.java:439)
		at org.springframework.boot.SpringApplication.run(SpringApplication.java:318)
		at org.springframework.boot.web.servlet.support.SpringBootServletInitializer.run(SpringBootServletInitializer.java:194)
		at org.springframework.boot.web.servlet.support.SpringBootServletInitializer.createRootApplicationContext(SpringBootServletInitializer.java:174)
		at org.springframework.boot.web.servlet.support.SpringBootServletInitializer.onStartup(SpringBootServletInitializer.java:102)
		at org.springframework.web.SpringServletContainerInitializer.onStartup(SpringServletContainerInitializer.java:171)
		at org.apache.catalina.core.StandardContext.startInternal(StandardContext.java:4880)
		at org.apache.catalina.util.LifecycleBase.start(LifecycleBase.java:171)
		... 36 more
	Caused by: org.hibernate.service.spi.ServiceException: Unable to create requested service [org.hibernate.engine.jdbc.env.spi.JdbcEnvironment] due to: Unable to determine Dialect without JDBC metadata (please set 'jakarta.persistence.jdbc.url' for common cases or 'hibernate.dialect' when a custom Dialect implementation must be provided)
		at org.hibernate.service.internal.AbstractServiceRegistryImpl.createService(AbstractServiceRegistryImpl.java:276)
		at org.hibernate.service.internal.AbstractServiceRegistryImpl.initializeService(AbstractServiceRegistryImpl.java:238)
		at org.hibernate.service.internal.AbstractServiceRegistryImpl.getService(AbstractServiceRegistryImpl.java:215)
		at org.hibernate.boot.model.relational.Database.<init>(Database.java:45)
		at org.hibernate.boot.internal.InFlightMetadataCollectorImpl.getDatabase(InFlightMetadataCollectorImpl.java:226)
		at org.hibernate.boot.internal.InFlightMetadataCollectorImpl.<init>(InFlightMetadataCollectorImpl.java:194)
		at org.hibernate.boot.model.process.spi.MetadataBuildingProcess.complete(MetadataBuildingProcess.java:171)
		at org.hibernate.jpa.boot.internal.EntityManagerFactoryBuilderImpl.metadata(EntityManagerFactoryBuilderImpl.java:1442)
		at org.hibernate.jpa.boot.internal.EntityManagerFactoryBuilderImpl.build(EntityManagerFactoryBuilderImpl.java:1513)
		at org.springframework.orm.jpa.vendor.SpringHibernateJpaPersistenceProvider.createContainerEntityManagerFactory(SpringHibernateJpaPersistenceProvider.java:66)
		at org.springframework.orm.jpa.LocalContainerEntityManagerFactoryBean.createNativeEntityManagerFactory(LocalContainerEntityManagerFactoryBean.java:390)
		at org.springframework.orm.jpa.AbstractEntityManagerFactoryBean.buildNativeEntityManagerFactory(AbstractEntityManagerFactoryBean.java:419)
		at org.springframework.orm.jpa.AbstractEntityManagerFactoryBean.afterPropertiesSet(AbstractEntityManagerFactoryBean.java:400)
		at org.springframework.orm.jpa.LocalContainerEntityManagerFactoryBean.afterPropertiesSet(LocalContainerEntityManagerFactoryBean.java:366)
		at org.springframework.beans.factory.support.AbstractAutowireCapableBeanFactory.invokeInitMethods(AbstractAutowireCapableBeanFactory.java:1859)
		at org.springframework.beans.factory.support.AbstractAutowireCapableBeanFactory.initializeBean(AbstractAutowireCapableBeanFactory.java:1808)
		... 54 more
	Caused by: org.hibernate.HibernateException: Unable to determine Dialect without JDBC metadata (please set 'jakarta.persistence.jdbc.url' for common cases or 'hibernate.dialect' when a custom Dialect implementation must be provided)
		at org.hibernate.engine.jdbc.dialect.internal.DialectFactoryImpl.determineDialect(DialectFactoryImpl.java:191)
		at org.hibernate.engine.jdbc.dialect.internal.DialectFactoryImpl.buildDialect(DialectFactoryImpl.java:87)
		at org.hibernate.engine.jdbc.env.internal.JdbcEnvironmentInitiator.getJdbcEnvironmentWithDefaults(JdbcEnvironmentInitiator.java:181)
		at org.hibernate.engine.jdbc.env.internal.JdbcEnvironmentInitiator.getJdbcEnvironmentUsingJdbcMetadata(JdbcEnvironmentInitiator.java:392)
		at org.hibernate.engine.jdbc.env.internal.JdbcEnvironmentInitiator.initiateService(JdbcEnvironmentInitiator.java:129)
		at org.hibernate.engine.jdbc.env.internal.JdbcEnvironmentInitiator.initiateService(JdbcEnvironmentInitiator.java:81)
		at org.hibernate.boot.registry.internal.StandardServiceRegistryImpl.initiateService(StandardServiceRegistryImpl.java:130)
		at org.hibernate.service.internal.AbstractServiceRegistryImpl.createService(AbstractServiceRegistryImpl.java:263)
		... 69 more
08-Dec-2025 19:40:35.811 INFO [main] org.apache.catalina.startup.HostConfig.deployWAR Deployment of web application archive [/home/commesse/nuovo-nix/tomcat10/webapps/commesse-0.0.1-SNAPSHOT.war] has finished in [8,740] ms
08-Dec-2025 19:40:35.812 INFO [main] org.apache.catalina.startup.HostConfig.deployDirectory Deploying web application directory [/home/commesse/nuovo-nix/tomcat10/webapps/commesse]
08-Dec-2025 19:40:35.862 INFO [main] org.apache.catalina.startup.HostConfig.deployDirectory Deployment of web application directory [/home/commesse/nuovo-nix/tomcat10/webapps/commesse] has finished in [50] ms
08-Dec-2025 19:40:35.869 INFO [main] org.apache.coyote.AbstractProtocol.start Starting ProtocolHandler ["http-nio-8080"]
08-Dec-2025 19:40:35.884 INFO [main] org.apache.catalina.startup.Catalina.start Server startup in [8936] milliseconds
08-Dec-2025 20:05:40.003 INFO [main] org.apache.catalina.core.StandardServer.await A valid shutdown command was received via the shutdown port. Stopping the Server instance.
08-Dec-2025 20:05:40.006 INFO [main] org.apache.coyote.AbstractProtocol.pause Pausing ProtocolHandler ["http-nio-8080"]
08-Dec-2025 20:05:40.009 INFO [main] org.apache.catalina.core.StandardService.stopInternal Stopping service [Catalina]
08-Dec-2025 20:05:40.038 INFO [main] org.apache.coyote.AbstractProtocol.stop Stopping ProtocolHandler ["http-nio-8080"]
08-Dec-2025 20:05:40.043 INFO [main] org.apache.coyote.AbstractProtocol.destroy Destroying ProtocolHandler ["http-nio-8080"]
08-Dec-2025 20:05:40.046 WARNING [main] org.apache.catalina.loader.WebappClassLoaderBase.clearReferencesJdbc The web application [commesse-0.0.1-SNAPSHOT] registered the JDBC driver [com.mysql.cj.jdbc.Driver] but failed to unregister it when the web application was stopped. To prevent a memory leak, the JDBC Driver has been forcibly unregistered.
08-Dec-2025 20:05:40.047 WARNING [main] org.apache.catalina.loader.WebappClassLoaderBase.clearReferencesThreads The web application [commesse-0.0.1-SNAPSHOT] appears to have started a thread named [mysql-cj-abandoned-connection-cleanup] but has failed to stop it. This is very likely to create a memory leak. Stack trace of thread:
 java.base/jdk.internal.misc.Unsafe.park(Native Method)
 java.base/java.util.concurrent.locks.LockSupport.parkNanos(LockSupport.java:269)
 java.base/java.util.concurrent.locks.AbstractQueuedSynchronizer$ConditionObject.await(AbstractQueuedSynchronizer.java:1847)
 java.base/java.lang.ref.ReferenceQueue.await(ReferenceQueue.java:71)
 java.base/java.lang.ref.ReferenceQueue.remove0(ReferenceQueue.java:143)
 java.base/java.lang.ref.ReferenceQueue.remove(ReferenceQueue.java:218)
 com.mysql.cj.jdbc.AbandonedConnectionCleanupThread.run(AbandonedConnectionCleanupThread.java:91)
 java.base/java.util.concurrent.ThreadPoolExecutor.runWorker(ThreadPoolExecutor.java:1144)
 java.base/java.util.concurrent.ThreadPoolExecutor$Worker.run(ThreadPoolExecutor.java:642)
 java.base/java.lang.Thread.run(Thread.java:1583)
08-Dec-2025 20:05:40.048 SEVERE [main] org.apache.catalina.loader.WebappClassLoaderBase.checkThreadLocalMapForLeaks The web application [commesse-0.0.1-SNAPSHOT] created a ThreadLocal with key of type [org.springframework.boot.SpringBootExceptionHandler.LoggedExceptionHandlerThreadLocal] (value [org.springframework.boot.SpringBootExceptionHandler$LoggedExceptionHandlerThreadLocal@3425709a]) and a value of type [org.springframework.boot.SpringBootExceptionHandler] (value [org.springframework.boot.SpringBootExceptionHandler@87f336d]) but failed to remove it when the web application was stopped. Threads are going to be renewed over time to try and avoid a probable memory leak.
08-Dec-2025 20:11:28.920 INFO [main] org.apache.catalina.startup.VersionLoggerListener.log Server version name:   Apache Tomcat/10.1.20
08-Dec-2025 20:11:28.926 INFO [main] org.apache.catalina.startup.VersionLoggerListener.log Server built:          Mar 19 2024 12:49:58 UTC
08-Dec-2025 20:11:28.927 INFO [main] org.apache.catalina.startup.VersionLoggerListener.log Server version number: 10.1.20.0
08-Dec-2025 20:11:28.927 INFO [main] org.apache.catalina.startup.VersionLoggerListener.log OS Name:               Linux
08-Dec-2025 20:11:28.927 INFO [main] org.apache.catalina.startup.VersionLoggerListener.log OS Version:            6.6.87.2-microsoft-standard-WSL2
08-Dec-2025 20:11:28.927 INFO [main] org.apache.catalina.startup.VersionLoggerListener.log Architecture:          amd64
08-Dec-2025 20:11:28.928 INFO [main] org.apache.catalina.startup.VersionLoggerListener.log Java Home:             /nix/store/0n8rsyvlwy87bqb7151si4c4ifqcp31c-openjdk-21+35/lib/openjdk
08-Dec-2025 20:11:28.928 INFO [main] org.apache.catalina.startup.VersionLoggerListener.log JVM Version:           21+35-nixos
08-Dec-2025 20:11:28.928 INFO [main] org.apache.catalina.startup.VersionLoggerListener.log JVM Vendor:            Oracle Corporation
08-Dec-2025 20:11:28.928 INFO [main] org.apache.catalina.startup.VersionLoggerListener.log CATALINA_BASE:         /home/commesse/nuovo-nix/tomcat10
08-Dec-2025 20:11:28.928 INFO [main] org.apache.catalina.startup.VersionLoggerListener.log CATALINA_HOME:         /home/commesse/nuovo-nix/tomcat10
08-Dec-2025 20:11:28.955 INFO [main] org.apache.catalina.startup.VersionLoggerListener.log Command line argument: -Djava.util.logging.config.file=/home/commesse/nuovo-nix/tomcat10/conf/logging.properties
08-Dec-2025 20:11:28.956 INFO [main] org.apache.catalina.startup.VersionLoggerListener.log Command line argument: -Djava.util.logging.manager=org.apache.juli.ClassLoaderLogManager
08-Dec-2025 20:11:28.956 INFO [main] org.apache.catalina.startup.VersionLoggerListener.log Command line argument: -Xms512m
08-Dec-2025 20:11:28.956 INFO [main] org.apache.catalina.startup.VersionLoggerListener.log Command line argument: -Xmx1024m
08-Dec-2025 20:11:28.956 INFO [main] org.apache.catalina.startup.VersionLoggerListener.log Command line argument: -Djava.awt.headless=true
08-Dec-2025 20:11:28.956 INFO [main] org.apache.catalina.startup.VersionLoggerListener.log Command line argument: -Dfile.encoding=UTF-8
08-Dec-2025 20:11:28.956 INFO [main] org.apache.catalina.startup.VersionLoggerListener.log Command line argument: -Djdk.tls.ephemeralDHKeySize=2048
08-Dec-2025 20:11:28.956 INFO [main] org.apache.catalina.startup.VersionLoggerListener.log Command line argument: -Djava.protocol.handler.pkgs=org.apache.catalina.webresources
08-Dec-2025 20:11:28.956 INFO [main] org.apache.catalina.startup.VersionLoggerListener.log Command line argument: -Dorg.apache.catalina.security.SecurityListener.UMASK=0027
08-Dec-2025 20:11:28.956 INFO [main] org.apache.catalina.startup.VersionLoggerListener.log Command line argument: --add-opens=java.base/java.lang=ALL-UNNAMED
08-Dec-2025 20:11:28.957 INFO [main] org.apache.catalina.startup.VersionLoggerListener.log Command line argument: --add-opens=java.base/java.io=ALL-UNNAMED
08-Dec-2025 20:11:28.957 INFO [main] org.apache.catalina.startup.VersionLoggerListener.log Command line argument: --add-opens=java.base/java.util=ALL-UNNAMED
08-Dec-2025 20:11:28.957 INFO [main] org.apache.catalina.startup.VersionLoggerListener.log Command line argument: --add-opens=java.base/java.util.concurrent=ALL-UNNAMED
08-Dec-2025 20:11:28.957 INFO [main] org.apache.catalina.startup.VersionLoggerListener.log Command line argument: --add-opens=java.rmi/sun.rmi.transport=ALL-UNNAMED
08-Dec-2025 20:11:28.957 INFO [main] org.apache.catalina.startup.VersionLoggerListener.log Command line argument: -Dcatalina.base=/home/commesse/nuovo-nix/tomcat10
08-Dec-2025 20:11:28.957 INFO [main] org.apache.catalina.startup.VersionLoggerListener.log Command line argument: -Dcatalina.home=/home/commesse/nuovo-nix/tomcat10
08-Dec-2025 20:11:28.957 INFO [main] org.apache.catalina.startup.VersionLoggerListener.log Command line argument: -Djava.io.tmpdir=/home/commesse/nuovo-nix/tomcat10/temp
08-Dec-2025 20:11:28.959 INFO [main] org.apache.catalina.core.AprLifecycleListener.lifecycleEvent The Apache Tomcat Native library which allows using OpenSSL was not found on the java.library.path: [/usr/java/packages/lib:/usr/lib64:/lib64:/lib:/usr/lib]
08-Dec-2025 20:11:29.454 INFO [main] org.apache.coyote.AbstractProtocol.init Initializing ProtocolHandler ["http-nio-127.0.0.1-8080"]
08-Dec-2025 20:11:29.489 INFO [main] org.apache.catalina.startup.Catalina.load Server initialization in [789] milliseconds
08-Dec-2025 20:11:29.563 INFO [main] org.apache.catalina.core.StandardService.startInternal Starting service [Catalina]
08-Dec-2025 20:11:29.563 INFO [main] org.apache.catalina.core.StandardEngine.startInternal Starting Servlet engine: [Apache Tomcat/10.1.20]
08-Dec-2025 20:11:29.595 INFO [main] org.apache.catalina.startup.HostConfig.deployWAR Deploying web application archive [/home/commesse/nuovo-nix/tomcat10/webapps/commesse-0.0.1-SNAPSHOT.war]
08-Dec-2025 20:11:32.640 INFO [main] org.apache.jasper.servlet.TldScanner.scanJars At least one JAR was scanned for TLDs yet contained no TLDs. Enable debug logging for this logger for a complete list of JARs that were scanned but no TLDs were found in them. Skipping unneeded JARs during scanning can improve startup time and JSP compilation time.

  .   ____          _            __ _ _
 /\\ / ___'_ __ _ _(_)_ __  __ _ \ \ \ \
( ( )\___ | '_ | '_| | '_ \/ _` | \ \ \ \
 \\/  ___)| |_)| | | | | || (_| |  ) ) ) )
  '  |____| .__|_| |_|_| |_\__, | / / / /
 =========|_|==============|___/=/_/_/_/

 :: Spring Boot ::                (v3.4.4)

2025-12-08T20:11:33.632+01:00  INFO 13580 --- [commesse] [           main] c.gestione.commesse.ServletInitializer   : Starting ServletInitializer v0.1 using Java 21 with PID 13580 (/home/commesse/nuovo-nix/tomcat10/webapps/commesse-0.0.1-SNAPSHOT/WEB-INF/classes started by commesse in /home/commesse/nuovo-nix/tomcat10)
2025-12-08T20:11:33.635+01:00  INFO 13580 --- [commesse] [           main] c.gestione.commesse.ServletInitializer   : No active profile set, falling back to 1 default profile: "default"
2025-12-08T20:11:34.679+01:00  INFO 13580 --- [commesse] [           main] .s.d.r.c.RepositoryConfigurationDelegate : Bootstrapping Spring Data JPA repositories in DEFAULT mode.
2025-12-08T20:11:34.875+01:00  INFO 13580 --- [commesse] [           main] .s.d.r.c.RepositoryConfigurationDelegate : Finished Spring Data repository scanning in 172 ms. Found 24 JPA repository interfaces.
2025-12-08T20:11:35.487+01:00  INFO 13580 --- [commesse] [           main] w.s.c.ServletWebServerApplicationContext : Root WebApplicationContext: initialization completed in 1783 ms
2025-12-08T20:11:36.237+01:00  INFO 13580 --- [commesse] [           main] o.hibernate.jpa.internal.util.LogHelper  : HHH000204: Processing PersistenceUnitInfo [name: default]
2025-12-08T20:11:36.400+01:00  INFO 13580 --- [commesse] [           main] org.hibernate.Version                    : HHH000412: Hibernate ORM core version 6.6.11.Final
2025-12-08T20:11:36.503+01:00  INFO 13580 --- [commesse] [           main] o.h.c.internal.RegionFactoryInitiator    : HHH000026: Second-level cache disabled
2025-12-08T20:11:36.888+01:00  INFO 13580 --- [commesse] [           main] o.s.o.j.p.SpringPersistenceUnitInfo      : No LoadTimeWeaver setup: ignoring JPA class transformer
2025-12-08T20:11:36.929+01:00  INFO 13580 --- [commesse] [           main] com.zaxxer.hikari.HikariDataSource       : HikariPool-1 - Starting...
2025-12-08T20:11:38.995+01:00  WARN 13580 --- [commesse] [           main] o.h.engine.jdbc.spi.SqlExceptionHelper   : SQL Error: 1698, SQLState: 28000
2025-12-08T20:11:38.996+01:00 ERROR 13580 --- [commesse] [           main] o.h.engine.jdbc.spi.SqlExceptionHelper   : Access denied for user 'root'@'192.168.1.1'
2025-12-08T20:11:38.997+01:00  WARN 13580 --- [commesse] [           main] o.h.e.j.e.i.JdbcEnvironmentInitiator     : HHH000342: Could not obtain connection to query metadata

org.hibernate.exception.GenericJDBCException: unable to obtain isolated JDBC connection [Access denied for user 'root'@'192.168.1.1'] [n/a]
	at org.hibernate.exception.internal.StandardSQLExceptionConverter.convert(StandardSQLExceptionConverter.java:63) ~[hibernate-core-6.6.11.Final.jar:6.6.11.Final]
	at org.hibernate.engine.jdbc.spi.SqlExceptionHelper.convert(SqlExceptionHelper.java:108) ~[hibernate-core-6.6.11.Final.jar:6.6.11.Final]
	at org.hibernate.engine.jdbc.spi.SqlExceptionHelper.convert(SqlExceptionHelper.java:94) ~[hibernate-core-6.6.11.Final.jar:6.6.11.Final]
	at org.hibernate.resource.transaction.backend.jdbc.internal.JdbcIsolationDelegate.delegateWork(JdbcIsolationDelegate.java:116) ~[hibernate-core-6.6.11.Final.jar:6.6.11.Final]
	at org.hibernate.engine.jdbc.env.internal.JdbcEnvironmentInitiator.getJdbcEnvironmentUsingJdbcMetadata(JdbcEnvironmentInitiator.java:320) ~[hibernate-core-6.6.11.Final.jar:6.6.11.Final]
	at org.hibernate.engine.jdbc.env.internal.JdbcEnvironmentInitiator.initiateService(JdbcEnvironmentInitiator.java:129) ~[hibernate-core-6.6.11.Final.jar:6.6.11.Final]
	at org.hibernate.engine.jdbc.env.internal.JdbcEnvironmentInitiator.initiateService(JdbcEnvironmentInitiator.java:81) ~[hibernate-core-6.6.11.Final.jar:6.6.11.Final]
	at org.hibernate.boot.registry.internal.StandardServiceRegistryImpl.initiateService(StandardServiceRegistryImpl.java:130) ~[hibernate-core-6.6.11.Final.jar:6.6.11.Final]
	at org.hibernate.service.internal.AbstractServiceRegistryImpl.createService(AbstractServiceRegistryImpl.java:263) ~[hibernate-core-6.6.11.Final.jar:6.6.11.Final]
	at org.hibernate.service.internal.AbstractServiceRegistryImpl.initializeService(AbstractServiceRegistryImpl.java:238) ~[hibernate-core-6.6.11.Final.jar:6.6.11.Final]
	at org.hibernate.service.internal.AbstractServiceRegistryImpl.getService(AbstractServiceRegistryImpl.java:215) ~[hibernate-core-6.6.11.Final.jar:6.6.11.Final]
	at org.hibernate.boot.model.relational.Database.<init>(Database.java:45) ~[hibernate-core-6.6.11.Final.jar:6.6.11.Final]
	at org.hibernate.boot.internal.InFlightMetadataCollectorImpl.getDatabase(InFlightMetadataCollectorImpl.java:226) ~[hibernate-core-6.6.11.Final.jar:6.6.11.Final]
	at org.hibernate.boot.internal.InFlightMetadataCollectorImpl.<init>(InFlightMetadataCollectorImpl.java:194) ~[hibernate-core-6.6.11.Final.jar:6.6.11.Final]
	at org.hibernate.boot.model.process.spi.MetadataBuildingProcess.complete(MetadataBuildingProcess.java:171) ~[hibernate-core-6.6.11.Final.jar:6.6.11.Final]
	at org.hibernate.jpa.boot.internal.EntityManagerFactoryBuilderImpl.metadata(EntityManagerFactoryBuilderImpl.java:1442) ~[hibernate-core-6.6.11.Final.jar:6.6.11.Final]
	at org.hibernate.jpa.boot.internal.EntityManagerFactoryBuilderImpl.build(EntityManagerFactoryBuilderImpl.java:1513) ~[hibernate-core-6.6.11.Final.jar:6.6.11.Final]
	at org.springframework.orm.jpa.vendor.SpringHibernateJpaPersistenceProvider.createContainerEntityManagerFactory(SpringHibernateJpaPersistenceProvider.java:66) ~[spring-orm-6.2.5.jar:6.2.5]
	at org.springframework.orm.jpa.LocalContainerEntityManagerFactoryBean.createNativeEntityManagerFactory(LocalContainerEntityManagerFactoryBean.java:390) ~[spring-orm-6.2.5.jar:6.2.5]
	at org.springframework.orm.jpa.AbstractEntityManagerFactoryBean.buildNativeEntityManagerFactory(AbstractEntityManagerFactoryBean.java:419) ~[spring-orm-6.2.5.jar:6.2.5]
	at org.springframework.orm.jpa.AbstractEntityManagerFactoryBean.afterPropertiesSet(AbstractEntityManagerFactoryBean.java:400) ~[spring-orm-6.2.5.jar:6.2.5]
	at org.springframework.orm.jpa.LocalContainerEntityManagerFactoryBean.afterPropertiesSet(LocalContainerEntityManagerFactoryBean.java:366) ~[spring-orm-6.2.5.jar:6.2.5]
	at org.springframework.beans.factory.support.AbstractAutowireCapableBeanFactory.invokeInitMethods(AbstractAutowireCapableBeanFactory.java:1859) ~[spring-beans-6.2.5.jar:6.2.5]
	at org.springframework.beans.factory.support.AbstractAutowireCapableBeanFactory.initializeBean(AbstractAutowireCapableBeanFactory.java:1808) ~[spring-beans-6.2.5.jar:6.2.5]
	at org.springframework.beans.factory.support.AbstractAutowireCapableBeanFactory.doCreateBean(AbstractAutowireCapableBeanFactory.java:601) ~[spring-beans-6.2.5.jar:6.2.5]
	at org.springframework.beans.factory.support.AbstractAutowireCapableBeanFactory.createBean(AbstractAutowireCapableBeanFactory.java:523) ~[spring-beans-6.2.5.jar:6.2.5]
	at org.springframework.beans.factory.support.AbstractBeanFactory.lambda$doGetBean$0(AbstractBeanFactory.java:339) ~[spring-beans-6.2.5.jar:6.2.5]
	at org.springframework.beans.factory.support.DefaultSingletonBeanRegistry.getSingleton(DefaultSingletonBeanRegistry.java:347) ~[spring-beans-6.2.5.jar:6.2.5]
	at org.springframework.beans.factory.support.AbstractBeanFactory.doGetBean(AbstractBeanFactory.java:337) ~[spring-beans-6.2.5.jar:6.2.5]
	at org.springframework.beans.factory.support.AbstractBeanFactory.getBean(AbstractBeanFactory.java:207) ~[spring-beans-6.2.5.jar:6.2.5]
	at org.springframework.context.support.AbstractApplicationContext.finishBeanFactoryInitialization(AbstractApplicationContext.java:970) ~[spring-context-6.2.5.jar:6.2.5]
	at org.springframework.context.support.AbstractApplicationContext.refresh(AbstractApplicationContext.java:627) ~[spring-context-6.2.5.jar:6.2.5]
	at org.springframework.boot.web.servlet.context.ServletWebServerApplicationContext.refresh(ServletWebServerApplicationContext.java:146) ~[spring-boot-3.4.4.jar:3.4.4]
	at org.springframework.boot.SpringApplication.refresh(SpringApplication.java:752) ~[spring-boot-3.4.4.jar:3.4.4]
	at org.springframework.boot.SpringApplication.refreshContext(SpringApplication.java:439) ~[spring-boot-3.4.4.jar:3.4.4]
	at org.springframework.boot.SpringApplication.run(SpringApplication.java:318) ~[spring-boot-3.4.4.jar:3.4.4]
	at org.springframework.boot.web.servlet.support.SpringBootServletInitializer.run(SpringBootServletInitializer.java:194) ~[spring-boot-3.4.4.jar:3.4.4]
	at org.springframework.boot.web.servlet.support.SpringBootServletInitializer.createRootApplicationContext(SpringBootServletInitializer.java:174) ~[spring-boot-3.4.4.jar:3.4.4]
	at org.springframework.boot.web.servlet.support.SpringBootServletInitializer.onStartup(SpringBootServletInitializer.java:102) ~[spring-boot-3.4.4.jar:3.4.4]
	at org.springframework.web.SpringServletContainerInitializer.onStartup(SpringServletContainerInitializer.java:171) ~[spring-web-6.2.5.jar:6.2.5]
	at org.apache.catalina.core.StandardContext.startInternal(StandardContext.java:4880) ~[catalina.jar:10.1.20]
	at org.apache.catalina.util.LifecycleBase.start(LifecycleBase.java:171) ~[catalina.jar:10.1.20]
	at org.apache.catalina.core.ContainerBase.addChildInternal(ContainerBase.java:683) ~[catalina.jar:10.1.20]
	at org.apache.catalina.core.ContainerBase.addChild(ContainerBase.java:658) ~[catalina.jar:10.1.20]
	at org.apache.catalina.core.StandardHost.addChild(StandardHost.java:712) ~[catalina.jar:10.1.20]
	at org.apache.catalina.startup.HostConfig.deployWAR(HostConfig.java:969) ~[catalina.jar:10.1.20]
	at org.apache.catalina.startup.HostConfig$DeployWar.run(HostConfig.java:1911) ~[catalina.jar:10.1.20]
	at java.base/java.util.concurrent.Executors$RunnableAdapter.call(Executors.java:572) ~[na:na]
	at java.base/java.util.concurrent.FutureTask.run(FutureTask.java:317) ~[na:na]
	at org.apache.tomcat.util.threads.InlineExecutorService.execute(InlineExecutorService.java:75) ~[tomcat-util.jar:10.1.20]
	at java.base/java.util.concurrent.AbstractExecutorService.submit(AbstractExecutorService.java:123) ~[na:na]
	at org.apache.catalina.startup.HostConfig.deployWARs(HostConfig.java:771) ~[catalina.jar:10.1.20]
	at org.apache.catalina.startup.HostConfig.deployApps(HostConfig.java:423) ~[catalina.jar:10.1.20]
	at org.apache.catalina.startup.HostConfig.start(HostConfig.java:1629) ~[catalina.jar:10.1.20]
	at org.apache.catalina.startup.HostConfig.lifecycleEvent(HostConfig.java:303) ~[catalina.jar:10.1.20]
	at org.apache.catalina.util.LifecycleBase.fireLifecycleEvent(LifecycleBase.java:114) ~[catalina.jar:10.1.20]
	at org.apache.catalina.util.LifecycleBase.setStateInternal(LifecycleBase.java:402) ~[catalina.jar:10.1.20]
	at org.apache.catalina.util.LifecycleBase.setState(LifecycleBase.java:345) ~[catalina.jar:10.1.20]
	at org.apache.catalina.core.ContainerBase.startInternal(ContainerBase.java:893) ~[catalina.jar:10.1.20]
	at org.apache.catalina.core.StandardHost.startInternal(StandardHost.java:845) ~[catalina.jar:10.1.20]
	at org.apache.catalina.util.LifecycleBase.start(LifecycleBase.java:171) ~[catalina.jar:10.1.20]
	at org.apache.catalina.core.ContainerBase$StartChild.call(ContainerBase.java:1332) ~[catalina.jar:10.1.20]
	at org.apache.catalina.core.ContainerBase$StartChild.call(ContainerBase.java:1322) ~[catalina.jar:10.1.20]
	at java.base/java.util.concurrent.FutureTask.run(FutureTask.java:317) ~[na:na]
	at org.apache.tomcat.util.threads.InlineExecutorService.execute(InlineExecutorService.java:75) ~[tomcat-util.jar:10.1.20]
	at java.base/java.util.concurrent.AbstractExecutorService.submit(AbstractExecutorService.java:145) ~[na:na]
	at org.apache.catalina.core.ContainerBase.startInternal(ContainerBase.java:866) ~[catalina.jar:10.1.20]
	at org.apache.catalina.core.StandardEngine.startInternal(StandardEngine.java:240) ~[catalina.jar:10.1.20]
	at org.apache.catalina.util.LifecycleBase.start(LifecycleBase.java:171) ~[catalina.jar:10.1.20]
	at org.apache.catalina.core.StandardService.startInternal(StandardService.java:433) ~[catalina.jar:10.1.20]
	at org.apache.catalina.util.LifecycleBase.start(LifecycleBase.java:171) ~[catalina.jar:10.1.20]
	at org.apache.catalina.core.StandardServer.startInternal(StandardServer.java:921) ~[catalina.jar:10.1.20]
	at org.apache.catalina.util.LifecycleBase.start(LifecycleBase.java:171) ~[catalina.jar:10.1.20]
	at org.apache.catalina.startup.Catalina.start(Catalina.java:757) ~[catalina.jar:10.1.20]
	at java.base/jdk.internal.reflect.DirectMethodHandleAccessor.invoke(DirectMethodHandleAccessor.java:103) ~[na:na]
	at java.base/java.lang.reflect.Method.invoke(Method.java:580) ~[na:na]
	at org.apache.catalina.startup.Bootstrap.start(Bootstrap.java:345) ~[bootstrap.jar:10.1.20]
	at org.apache.catalina.startup.Bootstrap.main(Bootstrap.java:473) ~[bootstrap.jar:10.1.20]
Caused by: java.sql.SQLException: Access denied for user 'root'@'192.168.1.1'
	at com.mysql.cj.jdbc.exceptions.SQLError.createSQLException(SQLError.java:129) ~[mysql-connector-java-8.0.28.jar:8.0.28]
	at com.mysql.cj.jdbc.exceptions.SQLExceptionsMapping.translateException(SQLExceptionsMapping.java:122) ~[mysql-connector-java-8.0.28.jar:8.0.28]
	at com.mysql.cj.jdbc.ConnectionImpl.createNewIO(ConnectionImpl.java:829) ~[mysql-connector-java-8.0.28.jar:8.0.28]
	at com.mysql.cj.jdbc.ConnectionImpl.<init>(ConnectionImpl.java:449) ~[mysql-connector-java-8.0.28.jar:8.0.28]
	at com.mysql.cj.jdbc.ConnectionImpl.getInstance(ConnectionImpl.java:242) ~[mysql-connector-java-8.0.28.jar:8.0.28]
	at com.mysql.cj.jdbc.NonRegisteringDriver.connect(NonRegisteringDriver.java:198) ~[mysql-connector-java-8.0.28.jar:8.0.28]
	at com.zaxxer.hikari.util.DriverDataSource.getConnection(DriverDataSource.java:137) ~[HikariCP-5.1.0.jar:na]
	at com.zaxxer.hikari.pool.PoolBase.newConnection(PoolBase.java:360) ~[HikariCP-5.1.0.jar:na]
	at com.zaxxer.hikari.pool.PoolBase.newPoolEntry(PoolBase.java:202) ~[HikariCP-5.1.0.jar:na]
	at com.zaxxer.hikari.pool.HikariPool.createPoolEntry(HikariPool.java:461) ~[HikariCP-5.1.0.jar:na]
	at com.zaxxer.hikari.pool.HikariPool.checkFailFast(HikariPool.java:550) ~[HikariCP-5.1.0.jar:na]
	at com.zaxxer.hikari.pool.HikariPool.<init>(HikariPool.java:98) ~[HikariCP-5.1.0.jar:na]
	at com.zaxxer.hikari.HikariDataSource.getConnection(HikariDataSource.java:111) ~[HikariCP-5.1.0.jar:na]
	at org.hibernate.engine.jdbc.connections.internal.DatasourceConnectionProviderImpl.getConnection(DatasourceConnectionProviderImpl.java:126) ~[hibernate-core-6.6.11.Final.jar:6.6.11.Final]
	at org.hibernate.engine.jdbc.env.internal.JdbcEnvironmentInitiator$ConnectionProviderJdbcConnectionAccess.obtainConnection(JdbcEnvironmentInitiator.java:467) ~[hibernate-core-6.6.11.Final.jar:6.6.11.Final]
	at org.hibernate.resource.transaction.backend.jdbc.internal.JdbcIsolationDelegate.delegateWork(JdbcIsolationDelegate.java:61) ~[hibernate-core-6.6.11.Final.jar:6.6.11.Final]
	... 74 common frames omitted

2025-12-08T20:11:39.005+01:00 ERROR 13580 --- [commesse] [           main] j.LocalContainerEntityManagerFactoryBean : Failed to initialize JPA EntityManagerFactory: Unable to create requested service [org.hibernate.engine.jdbc.env.spi.JdbcEnvironment] due to: Unable to determine Dialect without JDBC metadata (please set 'jakarta.persistence.jdbc.url' for common cases or 'hibernate.dialect' when a custom Dialect implementation must be provided)
2025-12-08T20:11:39.006+01:00  WARN 13580 --- [commesse] [           main] ConfigServletWebServerApplicationContext : Exception encountered during context initialization - cancelling refresh attempt: org.springframework.beans.factory.BeanCreationException: Error creating bean with name 'entityManagerFactory' defined in class path resource [org/springframework/boot/autoconfigure/orm/jpa/HibernateJpaConfiguration.class]: Unable to create requested service [org.hibernate.engine.jdbc.env.spi.JdbcEnvironment] due to: Unable to determine Dialect without JDBC metadata (please set 'jakarta.persistence.jdbc.url' for common cases or 'hibernate.dialect' when a custom Dialect implementation must be provided)
2025-12-08T20:11:39.019+01:00  INFO 13580 --- [commesse] [           main] .s.b.a.l.ConditionEvaluationReportLogger : 

Error starting ApplicationContext. To display the condition evaluation report re-run your application with 'debug' enabled.
2025-12-08T20:11:39.051+01:00 ERROR 13580 --- [commesse] [           main] o.s.boot.SpringApplication               : Application run failed

org.springframework.beans.factory.BeanCreationException: Error creating bean with name 'entityManagerFactory' defined in class path resource [org/springframework/boot/autoconfigure/orm/jpa/HibernateJpaConfiguration.class]: Unable to create requested service [org.hibernate.engine.jdbc.env.spi.JdbcEnvironment] due to: Unable to determine Dialect without JDBC metadata (please set 'jakarta.persistence.jdbc.url' for common cases or 'hibernate.dialect' when a custom Dialect implementation must be provided)
	at org.springframework.beans.factory.support.AbstractAutowireCapableBeanFactory.initializeBean(AbstractAutowireCapableBeanFactory.java:1812) ~[spring-beans-6.2.5.jar:6.2.5]
	at org.springframework.beans.factory.support.AbstractAutowireCapableBeanFactory.doCreateBean(AbstractAutowireCapableBeanFactory.java:601) ~[spring-beans-6.2.5.jar:6.2.5]
	at org.springframework.beans.factory.support.AbstractAutowireCapableBeanFactory.createBean(AbstractAutowireCapableBeanFactory.java:523) ~[spring-beans-6.2.5.jar:6.2.5]
	at org.springframework.beans.factory.support.AbstractBeanFactory.lambda$doGetBean$0(AbstractBeanFactory.java:339) ~[spring-beans-6.2.5.jar:6.2.5]
	at org.springframework.beans.factory.support.DefaultSingletonBeanRegistry.getSingleton(DefaultSingletonBeanRegistry.java:347) ~[spring-beans-6.2.5.jar:6.2.5]
	at org.springframework.beans.factory.support.AbstractBeanFactory.doGetBean(AbstractBeanFactory.java:337) ~[spring-beans-6.2.5.jar:6.2.5]
	at org.springframework.beans.factory.support.AbstractBeanFactory.getBean(AbstractBeanFactory.java:207) ~[spring-beans-6.2.5.jar:6.2.5]
	at org.springframework.context.support.AbstractApplicationContext.finishBeanFactoryInitialization(AbstractApplicationContext.java:970) ~[spring-context-6.2.5.jar:6.2.5]
	at org.springframework.context.support.AbstractApplicationContext.refresh(AbstractApplicationContext.java:627) ~[spring-context-6.2.5.jar:6.2.5]
	at org.springframework.boot.web.servlet.context.ServletWebServerApplicationContext.refresh(ServletWebServerApplicationContext.java:146) ~[spring-boot-3.4.4.jar:3.4.4]
	at org.springframework.boot.SpringApplication.refresh(SpringApplication.java:752) ~[spring-boot-3.4.4.jar:3.4.4]
	at org.springframework.boot.SpringApplication.refreshContext(SpringApplication.java:439) ~[spring-boot-3.4.4.jar:3.4.4]
	at org.springframework.boot.SpringApplication.run(SpringApplication.java:318) ~[spring-boot-3.4.4.jar:3.4.4]
	at org.springframework.boot.web.servlet.support.SpringBootServletInitializer.run(SpringBootServletInitializer.java:194) ~[spring-boot-3.4.4.jar:3.4.4]
	at org.springframework.boot.web.servlet.support.SpringBootServletInitializer.createRootApplicationContext(SpringBootServletInitializer.java:174) ~[spring-boot-3.4.4.jar:3.4.4]
	at org.springframework.boot.web.servlet.support.SpringBootServletInitializer.onStartup(SpringBootServletInitializer.java:102) ~[spring-boot-3.4.4.jar:3.4.4]
	at org.springframework.web.SpringServletContainerInitializer.onStartup(SpringServletContainerInitializer.java:171) ~[spring-web-6.2.5.jar:6.2.5]
	at org.apache.catalina.core.StandardContext.startInternal(StandardContext.java:4880) ~[catalina.jar:10.1.20]
	at org.apache.catalina.util.LifecycleBase.start(LifecycleBase.java:171) ~[catalina.jar:10.1.20]
	at org.apache.catalina.core.ContainerBase.addChildInternal(ContainerBase.java:683) ~[catalina.jar:10.1.20]
	at org.apache.catalina.core.ContainerBase.addChild(ContainerBase.java:658) ~[catalina.jar:10.1.20]
	at org.apache.catalina.core.StandardHost.addChild(StandardHost.java:712) ~[catalina.jar:10.1.20]
	at org.apache.catalina.startup.HostConfig.deployWAR(HostConfig.java:969) ~[catalina.jar:10.1.20]
	at org.apache.catalina.startup.HostConfig$DeployWar.run(HostConfig.java:1911) ~[catalina.jar:10.1.20]
	at java.base/java.util.concurrent.Executors$RunnableAdapter.call(Executors.java:572) ~[na:na]
	at java.base/java.util.concurrent.FutureTask.run(FutureTask.java:317) ~[na:na]
	at org.apache.tomcat.util.threads.InlineExecutorService.execute(InlineExecutorService.java:75) ~[tomcat-util.jar:10.1.20]
	at java.base/java.util.concurrent.AbstractExecutorService.submit(AbstractExecutorService.java:123) ~[na:na]
	at org.apache.catalina.startup.HostConfig.deployWARs(HostConfig.java:771) ~[catalina.jar:10.1.20]
	at org.apache.catalina.startup.HostConfig.deployApps(HostConfig.java:423) ~[catalina.jar:10.1.20]
	at org.apache.catalina.startup.HostConfig.start(HostConfig.java:1629) ~[catalina.jar:10.1.20]
	at org.apache.catalina.startup.HostConfig.lifecycleEvent(HostConfig.java:303) ~[catalina.jar:10.1.20]
	at org.apache.catalina.util.LifecycleBase.fireLifecycleEvent(LifecycleBase.java:114) ~[catalina.jar:10.1.20]
	at org.apache.catalina.util.LifecycleBase.setStateInternal(LifecycleBase.java:402) ~[catalina.jar:10.1.20]
	at org.apache.catalina.util.LifecycleBase.setState(LifecycleBase.java:345) ~[catalina.jar:10.1.20]
	at org.apache.catalina.core.ContainerBase.startInternal(ContainerBase.java:893) ~[catalina.jar:10.1.20]
	at org.apache.catalina.core.StandardHost.startInternal(StandardHost.java:845) ~[catalina.jar:10.1.20]
	at org.apache.catalina.util.LifecycleBase.start(LifecycleBase.java:171) ~[catalina.jar:10.1.20]
	at org.apache.catalina.core.ContainerBase$StartChild.call(ContainerBase.java:1332) ~[catalina.jar:10.1.20]
	at org.apache.catalina.core.ContainerBase$StartChild.call(ContainerBase.java:1322) ~[catalina.jar:10.1.20]
	at java.base/java.util.concurrent.FutureTask.run(FutureTask.java:317) ~[na:na]
	at org.apache.tomcat.util.threads.InlineExecutorService.execute(InlineExecutorService.java:75) ~[tomcat-util.jar:10.1.20]
	at java.base/java.util.concurrent.AbstractExecutorService.submit(AbstractExecutorService.java:145) ~[na:na]
	at org.apache.catalina.core.ContainerBase.startInternal(ContainerBase.java:866) ~[catalina.jar:10.1.20]
	at org.apache.catalina.core.StandardEngine.startInternal(StandardEngine.java:240) ~[catalina.jar:10.1.20]
	at org.apache.catalina.util.LifecycleBase.start(LifecycleBase.java:171) ~[catalina.jar:10.1.20]
	at org.apache.catalina.core.StandardService.startInternal(StandardService.java:433) ~[catalina.jar:10.1.20]
	at org.apache.catalina.util.LifecycleBase.start(LifecycleBase.java:171) ~[catalina.jar:10.1.20]
	at org.apache.catalina.core.StandardServer.startInternal(StandardServer.java:921) ~[catalina.jar:10.1.20]
	at org.apache.catalina.util.LifecycleBase.start(LifecycleBase.java:171) ~[catalina.jar:10.1.20]
	at org.apache.catalina.startup.Catalina.start(Catalina.java:757) ~[catalina.jar:10.1.20]
	at java.base/jdk.internal.reflect.DirectMethodHandleAccessor.invoke(DirectMethodHandleAccessor.java:103) ~[na:na]
	at java.base/java.lang.reflect.Method.invoke(Method.java:580) ~[na:na]
	at org.apache.catalina.startup.Bootstrap.start(Bootstrap.java:345) ~[bootstrap.jar:10.1.20]
	at org.apache.catalina.startup.Bootstrap.main(Bootstrap.java:473) ~[bootstrap.jar:10.1.20]
Caused by: org.hibernate.service.spi.ServiceException: Unable to create requested service [org.hibernate.engine.jdbc.env.spi.JdbcEnvironment] due to: Unable to determine Dialect without JDBC metadata (please set 'jakarta.persistence.jdbc.url' for common cases or 'hibernate.dialect' when a custom Dialect implementation must be provided)
	at org.hibernate.service.internal.AbstractServiceRegistryImpl.createService(AbstractServiceRegistryImpl.java:276) ~[hibernate-core-6.6.11.Final.jar:6.6.11.Final]
	at org.hibernate.service.internal.AbstractServiceRegistryImpl.initializeService(AbstractServiceRegistryImpl.java:238) ~[hibernate-core-6.6.11.Final.jar:6.6.11.Final]
	at org.hibernate.service.internal.AbstractServiceRegistryImpl.getService(AbstractServiceRegistryImpl.java:215) ~[hibernate-core-6.6.11.Final.jar:6.6.11.Final]
	at org.hibernate.boot.model.relational.Database.<init>(Database.java:45) ~[hibernate-core-6.6.11.Final.jar:6.6.11.Final]
	at org.hibernate.boot.internal.InFlightMetadataCollectorImpl.getDatabase(InFlightMetadataCollectorImpl.java:226) ~[hibernate-core-6.6.11.Final.jar:6.6.11.Final]
	at org.hibernate.boot.internal.InFlightMetadataCollectorImpl.<init>(InFlightMetadataCollectorImpl.java:194) ~[hibernate-core-6.6.11.Final.jar:6.6.11.Final]
	at org.hibernate.boot.model.process.spi.MetadataBuildingProcess.complete(MetadataBuildingProcess.java:171) ~[hibernate-core-6.6.11.Final.jar:6.6.11.Final]
	at org.hibernate.jpa.boot.internal.EntityManagerFactoryBuilderImpl.metadata(EntityManagerFactoryBuilderImpl.java:1442) ~[hibernate-core-6.6.11.Final.jar:6.6.11.Final]
	at org.hibernate.jpa.boot.internal.EntityManagerFactoryBuilderImpl.build(EntityManagerFactoryBuilderImpl.java:1513) ~[hibernate-core-6.6.11.Final.jar:6.6.11.Final]
	at org.springframework.orm.jpa.vendor.SpringHibernateJpaPersistenceProvider.createContainerEntityManagerFactory(SpringHibernateJpaPersistenceProvider.java:66) ~[spring-orm-6.2.5.jar:6.2.5]
	at org.springframework.orm.jpa.LocalContainerEntityManagerFactoryBean.createNativeEntityManagerFactory(LocalContainerEntityManagerFactoryBean.java:390) ~[spring-orm-6.2.5.jar:6.2.5]
	at org.springframework.orm.jpa.AbstractEntityManagerFactoryBean.buildNativeEntityManagerFactory(AbstractEntityManagerFactoryBean.java:419) ~[spring-orm-6.2.5.jar:6.2.5]
	at org.springframework.orm.jpa.AbstractEntityManagerFactoryBean.afterPropertiesSet(AbstractEntityManagerFactoryBean.java:400) ~[spring-orm-6.2.5.jar:6.2.5]
	at org.springframework.orm.jpa.LocalContainerEntityManagerFactoryBean.afterPropertiesSet(LocalContainerEntityManagerFactoryBean.java:366) ~[spring-orm-6.2.5.jar:6.2.5]
	at org.springframework.beans.factory.support.AbstractAutowireCapableBeanFactory.invokeInitMethods(AbstractAutowireCapableBeanFactory.java:1859) ~[spring-beans-6.2.5.jar:6.2.5]
	at org.springframework.beans.factory.support.AbstractAutowireCapableBeanFactory.initializeBean(AbstractAutowireCapableBeanFactory.java:1808) ~[spring-beans-6.2.5.jar:6.2.5]
	... 54 common frames omitted
Caused by: org.hibernate.HibernateException: Unable to determine Dialect without JDBC metadata (please set 'jakarta.persistence.jdbc.url' for common cases or 'hibernate.dialect' when a custom Dialect implementation must be provided)
	at org.hibernate.engine.jdbc.dialect.internal.DialectFactoryImpl.determineDialect(DialectFactoryImpl.java:191) ~[hibernate-core-6.6.11.Final.jar:6.6.11.Final]
	at org.hibernate.engine.jdbc.dialect.internal.DialectFactoryImpl.buildDialect(DialectFactoryImpl.java:87) ~[hibernate-core-6.6.11.Final.jar:6.6.11.Final]
	at org.hibernate.engine.jdbc.env.internal.JdbcEnvironmentInitiator.getJdbcEnvironmentWithDefaults(JdbcEnvironmentInitiator.java:181) ~[hibernate-core-6.6.11.Final.jar:6.6.11.Final]
	at org.hibernate.engine.jdbc.env.internal.JdbcEnvironmentInitiator.getJdbcEnvironmentUsingJdbcMetadata(JdbcEnvironmentInitiator.java:392) ~[hibernate-core-6.6.11.Final.jar:6.6.11.Final]
	at org.hibernate.engine.jdbc.env.internal.JdbcEnvironmentInitiator.initiateService(JdbcEnvironmentInitiator.java:129) ~[hibernate-core-6.6.11.Final.jar:6.6.11.Final]
	at org.hibernate.engine.jdbc.env.internal.JdbcEnvironmentInitiator.initiateService(JdbcEnvironmentInitiator.java:81) ~[hibernate-core-6.6.11.Final.jar:6.6.11.Final]
	at org.hibernate.boot.registry.internal.StandardServiceRegistryImpl.initiateService(StandardServiceRegistryImpl.java:130) ~[hibernate-core-6.6.11.Final.jar:6.6.11.Final]
	at org.hibernate.service.internal.AbstractServiceRegistryImpl.createService(AbstractServiceRegistryImpl.java:263) ~[hibernate-core-6.6.11.Final.jar:6.6.11.Final]
	... 69 common frames omitted

08-Dec-2025 20:11:39.055 SEVERE [main] org.apache.catalina.startup.HostConfig.deployWAR Error deploying web application archive [/home/commesse/nuovo-nix/tomcat10/webapps/commesse-0.0.1-SNAPSHOT.war]
	java.lang.IllegalStateException: Error starting child
		at org.apache.catalina.core.ContainerBase.addChildInternal(ContainerBase.java:686)
		at org.apache.catalina.core.ContainerBase.addChild(ContainerBase.java:658)
		at org.apache.catalina.core.StandardHost.addChild(StandardHost.java:712)
		at org.apache.catalina.startup.HostConfig.deployWAR(HostConfig.java:969)
		at org.apache.catalina.startup.HostConfig$DeployWar.run(HostConfig.java:1911)
		at java.base/java.util.concurrent.Executors$RunnableAdapter.call(Executors.java:572)
		at java.base/java.util.concurrent.FutureTask.run(FutureTask.java:317)
		at org.apache.tomcat.util.threads.InlineExecutorService.execute(InlineExecutorService.java:75)
		at java.base/java.util.concurrent.AbstractExecutorService.submit(AbstractExecutorService.java:123)
		at org.apache.catalina.startup.HostConfig.deployWARs(HostConfig.java:771)
		at org.apache.catalina.startup.HostConfig.deployApps(HostConfig.java:423)
		at org.apache.catalina.startup.HostConfig.start(HostConfig.java:1629)
		at org.apache.catalina.startup.HostConfig.lifecycleEvent(HostConfig.java:303)
		at org.apache.catalina.util.LifecycleBase.fireLifecycleEvent(LifecycleBase.java:114)
		at org.apache.catalina.util.LifecycleBase.setStateInternal(LifecycleBase.java:402)
		at org.apache.catalina.util.LifecycleBase.setState(LifecycleBase.java:345)
		at org.apache.catalina.core.ContainerBase.startInternal(ContainerBase.java:893)
		at org.apache.catalina.core.StandardHost.startInternal(StandardHost.java:845)
		at org.apache.catalina.util.LifecycleBase.start(LifecycleBase.java:171)
		at org.apache.catalina.core.ContainerBase$StartChild.call(ContainerBase.java:1332)
		at org.apache.catalina.core.ContainerBase$StartChild.call(ContainerBase.java:1322)
		at java.base/java.util.concurrent.FutureTask.run(FutureTask.java:317)
		at org.apache.tomcat.util.threads.InlineExecutorService.execute(InlineExecutorService.java:75)
		at java.base/java.util.concurrent.AbstractExecutorService.submit(AbstractExecutorService.java:145)
		at org.apache.catalina.core.ContainerBase.startInternal(ContainerBase.java:866)
		at org.apache.catalina.core.StandardEngine.startInternal(StandardEngine.java:240)
		at org.apache.catalina.util.LifecycleBase.start(LifecycleBase.java:171)
		at org.apache.catalina.core.StandardService.startInternal(StandardService.java:433)
		at org.apache.catalina.util.LifecycleBase.start(LifecycleBase.java:171)
		at org.apache.catalina.core.StandardServer.startInternal(StandardServer.java:921)
		at org.apache.catalina.util.LifecycleBase.start(LifecycleBase.java:171)
		at org.apache.catalina.startup.Catalina.start(Catalina.java:757)
		at java.base/jdk.internal.reflect.DirectMethodHandleAccessor.invoke(DirectMethodHandleAccessor.java:103)
		at java.base/java.lang.reflect.Method.invoke(Method.java:580)
		at org.apache.catalina.startup.Bootstrap.start(Bootstrap.java:345)
		at org.apache.catalina.startup.Bootstrap.main(Bootstrap.java:473)
	Caused by: org.apache.catalina.LifecycleException: Failed to start component [StandardEngine[Catalina].StandardHost[localhost].StandardContext[/commesse-0.0.1-SNAPSHOT]]
		at org.apache.catalina.util.LifecycleBase.handleSubClassException(LifecycleBase.java:419)
		at org.apache.catalina.util.LifecycleBase.start(LifecycleBase.java:186)
		at org.apache.catalina.core.ContainerBase.addChildInternal(ContainerBase.java:683)
		... 35 more
	Caused by: org.springframework.beans.factory.BeanCreationException: Error creating bean with name 'entityManagerFactory' defined in class path resource [org/springframework/boot/autoconfigure/orm/jpa/HibernateJpaConfiguration.class]: Unable to create requested service [org.hibernate.engine.jdbc.env.spi.JdbcEnvironment] due to: Unable to determine Dialect without JDBC metadata (please set 'jakarta.persistence.jdbc.url' for common cases or 'hibernate.dialect' when a custom Dialect implementation must be provided)
		at org.springframework.beans.factory.support.AbstractAutowireCapableBeanFactory.initializeBean(AbstractAutowireCapableBeanFactory.java:1812)
		at org.springframework.beans.factory.support.AbstractAutowireCapableBeanFactory.doCreateBean(AbstractAutowireCapableBeanFactory.java:601)
		at org.springframework.beans.factory.support.AbstractAutowireCapableBeanFactory.createBean(AbstractAutowireCapableBeanFactory.java:523)
		at org.springframework.beans.factory.support.AbstractBeanFactory.lambda$doGetBean$0(AbstractBeanFactory.java:339)
		at org.springframework.beans.factory.support.DefaultSingletonBeanRegistry.getSingleton(DefaultSingletonBeanRegistry.java:347)
		at org.springframework.beans.factory.support.AbstractBeanFactory.doGetBean(AbstractBeanFactory.java:337)
		at org.springframework.beans.factory.support.AbstractBeanFactory.getBean(AbstractBeanFactory.java:207)
		at org.springframework.context.support.AbstractApplicationContext.finishBeanFactoryInitialization(AbstractApplicationContext.java:970)
		at org.springframework.context.support.AbstractApplicationContext.refresh(AbstractApplicationContext.java:627)
		at org.springframework.boot.web.servlet.context.ServletWebServerApplicationContext.refresh(ServletWebServerApplicationContext.java:146)
		at org.springframework.boot.SpringApplication.refresh(SpringApplication.java:752)
		at org.springframework.boot.SpringApplication.refreshContext(SpringApplication.java:439)
		at org.springframework.boot.SpringApplication.run(SpringApplication.java:318)
		at org.springframework.boot.web.servlet.support.SpringBootServletInitializer.run(SpringBootServletInitializer.java:194)
		at org.springframework.boot.web.servlet.support.SpringBootServletInitializer.createRootApplicationContext(SpringBootServletInitializer.java:174)
		at org.springframework.boot.web.servlet.support.SpringBootServletInitializer.onStartup(SpringBootServletInitializer.java:102)
		at org.springframework.web.SpringServletContainerInitializer.onStartup(SpringServletContainerInitializer.java:171)
		at org.apache.catalina.core.StandardContext.startInternal(StandardContext.java:4880)
		at org.apache.catalina.util.LifecycleBase.start(LifecycleBase.java:171)
		... 36 more
	Caused by: org.hibernate.service.spi.ServiceException: Unable to create requested service [org.hibernate.engine.jdbc.env.spi.JdbcEnvironment] due to: Unable to determine Dialect without JDBC metadata (please set 'jakarta.persistence.jdbc.url' for common cases or 'hibernate.dialect' when a custom Dialect implementation must be provided)
		at org.hibernate.service.internal.AbstractServiceRegistryImpl.createService(AbstractServiceRegistryImpl.java:276)
		at org.hibernate.service.internal.AbstractServiceRegistryImpl.initializeService(AbstractServiceRegistryImpl.java:238)
		at org.hibernate.service.internal.AbstractServiceRegistryImpl.getService(AbstractServiceRegistryImpl.java:215)
		at org.hibernate.boot.model.relational.Database.<init>(Database.java:45)
		at org.hibernate.boot.internal.InFlightMetadataCollectorImpl.getDatabase(InFlightMetadataCollectorImpl.java:226)
		at org.hibernate.boot.internal.InFlightMetadataCollectorImpl.<init>(InFlightMetadataCollectorImpl.java:194)
		at org.hibernate.boot.model.process.spi.MetadataBuildingProcess.complete(MetadataBuildingProcess.java:171)
		at org.hibernate.jpa.boot.internal.EntityManagerFactoryBuilderImpl.metadata(EntityManagerFactoryBuilderImpl.java:1442)
		at org.hibernate.jpa.boot.internal.EntityManagerFactoryBuilderImpl.build(EntityManagerFactoryBuilderImpl.java:1513)
		at org.springframework.orm.jpa.vendor.SpringHibernateJpaPersistenceProvider.createContainerEntityManagerFactory(SpringHibernateJpaPersistenceProvider.java:66)
		at org.springframework.orm.jpa.LocalContainerEntityManagerFactoryBean.createNativeEntityManagerFactory(LocalContainerEntityManagerFactoryBean.java:390)
		at org.springframework.orm.jpa.AbstractEntityManagerFactoryBean.buildNativeEntityManagerFactory(AbstractEntityManagerFactoryBean.java:419)
		at org.springframework.orm.jpa.AbstractEntityManagerFactoryBean.afterPropertiesSet(AbstractEntityManagerFactoryBean.java:400)
		at org.springframework.orm.jpa.LocalContainerEntityManagerFactoryBean.afterPropertiesSet(LocalContainerEntityManagerFactoryBean.java:366)
		at org.springframework.beans.factory.support.AbstractAutowireCapableBeanFactory.invokeInitMethods(AbstractAutowireCapableBeanFactory.java:1859)
		at org.springframework.beans.factory.support.AbstractAutowireCapableBeanFactory.initializeBean(AbstractAutowireCapableBeanFactory.java:1808)
		... 54 more
	Caused by: org.hibernate.HibernateException: Unable to determine Dialect without JDBC metadata (please set 'jakarta.persistence.jdbc.url' for common cases or 'hibernate.dialect' when a custom Dialect implementation must be provided)
		at org.hibernate.engine.jdbc.dialect.internal.DialectFactoryImpl.determineDialect(DialectFactoryImpl.java:191)
		at org.hibernate.engine.jdbc.dialect.internal.DialectFactoryImpl.buildDialect(DialectFactoryImpl.java:87)
		at org.hibernate.engine.jdbc.env.internal.JdbcEnvironmentInitiator.getJdbcEnvironmentWithDefaults(JdbcEnvironmentInitiator.java:181)
		at org.hibernate.engine.jdbc.env.internal.JdbcEnvironmentInitiator.getJdbcEnvironmentUsingJdbcMetadata(JdbcEnvironmentInitiator.java:392)
		at org.hibernate.engine.jdbc.env.internal.JdbcEnvironmentInitiator.initiateService(JdbcEnvironmentInitiator.java:129)
		at org.hibernate.engine.jdbc.env.internal.JdbcEnvironmentInitiator.initiateService(JdbcEnvironmentInitiator.java:81)
		at org.hibernate.boot.registry.internal.StandardServiceRegistryImpl.initiateService(StandardServiceRegistryImpl.java:130)
		at org.hibernate.service.internal.AbstractServiceRegistryImpl.createService(AbstractServiceRegistryImpl.java:263)
		... 69 more
08-Dec-2025 20:11:39.060 INFO [main] org.apache.catalina.startup.HostConfig.deployWAR Deployment of web application archive [/home/commesse/nuovo-nix/tomcat10/webapps/commesse-0.0.1-SNAPSHOT.war] has finished in [9,463] ms
08-Dec-2025 20:11:39.061 INFO [main] org.apache.catalina.startup.HostConfig.deployDirectory Deploying web application directory [/home/commesse/nuovo-nix/tomcat10/webapps/commesse]
08-Dec-2025 20:11:39.109 INFO [main] org.apache.catalina.startup.HostConfig.deployDirectory Deployment of web application directory [/home/commesse/nuovo-nix/tomcat10/webapps/commesse] has finished in [47] ms
08-Dec-2025 20:11:39.118 INFO [main] org.apache.coyote.AbstractProtocol.start Starting ProtocolHandler ["http-nio-127.0.0.1-8080"]
08-Dec-2025 20:11:39.143 INFO [main] org.apache.catalina.startup.Catalina.start Server startup in [9651] milliseconds
08-Dec-2025 21:38:17.905 INFO [main] org.apache.catalina.core.StandardServer.await A valid shutdown command was received via the shutdown port. Stopping the Server instance.
08-Dec-2025 21:38:17.913 INFO [main] org.apache.coyote.AbstractProtocol.pause Pausing ProtocolHandler ["http-nio-127.0.0.1-8080"]
08-Dec-2025 21:38:17.919 INFO [main] org.apache.catalina.core.StandardService.stopInternal Stopping service [Catalina]
08-Dec-2025 21:38:18.062 INFO [main] org.apache.coyote.AbstractProtocol.stop Stopping ProtocolHandler ["http-nio-127.0.0.1-8080"]
08-Dec-2025 21:38:18.083 INFO [main] org.apache.coyote.AbstractProtocol.destroy Destroying ProtocolHandler ["http-nio-127.0.0.1-8080"]
08-Dec-2025 21:38:18.091 WARNING [main] org.apache.catalina.loader.WebappClassLoaderBase.clearReferencesJdbc The web application [commesse-0.0.1-SNAPSHOT] registered the JDBC driver [com.mysql.cj.jdbc.Driver] but failed to unregister it when the web application was stopped. To prevent a memory leak, the JDBC Driver has been forcibly unregistered.
08-Dec-2025 21:38:18.094 WARNING [main] org.apache.catalina.loader.WebappClassLoaderBase.clearReferencesThreads The web application [commesse-0.0.1-SNAPSHOT] appears to have started a thread named [mysql-cj-abandoned-connection-cleanup] but has failed to stop it. This is very likely to create a memory leak. Stack trace of thread:
 java.base/jdk.internal.misc.Unsafe.park(Native Method)
 java.base/java.util.concurrent.locks.LockSupport.parkNanos(LockSupport.java:269)
 java.base/java.util.concurrent.locks.AbstractQueuedSynchronizer$ConditionObject.await(AbstractQueuedSynchronizer.java:1847)
 java.base/java.lang.ref.ReferenceQueue.await(ReferenceQueue.java:71)
 java.base/java.lang.ref.ReferenceQueue.remove0(ReferenceQueue.java:143)
 java.base/java.lang.ref.ReferenceQueue.remove(ReferenceQueue.java:218)
 com.mysql.cj.jdbc.AbandonedConnectionCleanupThread.run(AbandonedConnectionCleanupThread.java:91)
 java.base/java.util.concurrent.ThreadPoolExecutor.runWorker(ThreadPoolExecutor.java:1144)
 java.base/java.util.concurrent.ThreadPoolExecutor$Worker.run(ThreadPoolExecutor.java:642)
 java.base/java.lang.Thread.run(Thread.java:1583)
08-Dec-2025 21:38:18.095 SEVERE [main] org.apache.catalina.loader.WebappClassLoaderBase.checkThreadLocalMapForLeaks The web application [commesse-0.0.1-SNAPSHOT] created a ThreadLocal with key of type [org.springframework.boot.SpringBootExceptionHandler.LoggedExceptionHandlerThreadLocal] (value [org.springframework.boot.SpringBootExceptionHandler$LoggedExceptionHandlerThreadLocal@29d015b4]) and a value of type [org.springframework.boot.SpringBootExceptionHandler] (value [org.springframework.boot.SpringBootExceptionHandler@144cf818]) but failed to remove it when the web application was stopped. Threads are going to be renewed over time to try and avoid a probable memory leak.
08-Dec-2025 21:38:21.697 INFO [main] org.apache.catalina.startup.VersionLoggerListener.log Server version name:   Apache Tomcat/10.1.20
08-Dec-2025 21:38:21.707 INFO [main] org.apache.catalina.startup.VersionLoggerListener.log Server built:          Mar 19 2024 12:49:58 UTC
08-Dec-2025 21:38:21.708 INFO [main] org.apache.catalina.startup.VersionLoggerListener.log Server version number: 10.1.20.0
08-Dec-2025 21:38:21.708 INFO [main] org.apache.catalina.startup.VersionLoggerListener.log OS Name:               Linux
08-Dec-2025 21:38:21.709 INFO [main] org.apache.catalina.startup.VersionLoggerListener.log OS Version:            6.6.87.2-microsoft-standard-WSL2
08-Dec-2025 21:38:21.709 INFO [main] org.apache.catalina.startup.VersionLoggerListener.log Architecture:          amd64
08-Dec-2025 21:38:21.709 INFO [main] org.apache.catalina.startup.VersionLoggerListener.log Java Home:             /nix/store/0n8rsyvlwy87bqb7151si4c4ifqcp31c-openjdk-21+35/lib/openjdk
08-Dec-2025 21:38:21.709 INFO [main] org.apache.catalina.startup.VersionLoggerListener.log JVM Version:           21+35-nixos
08-Dec-2025 21:38:21.709 INFO [main] org.apache.catalina.startup.VersionLoggerListener.log JVM Vendor:            Oracle Corporation
08-Dec-2025 21:38:21.709 INFO [main] org.apache.catalina.startup.VersionLoggerListener.log CATALINA_BASE:         /home/commesse/nuovo-nix/tomcat10
08-Dec-2025 21:38:21.710 INFO [main] org.apache.catalina.startup.VersionLoggerListener.log CATALINA_HOME:         /home/commesse/nuovo-nix/tomcat10
08-Dec-2025 21:38:21.736 INFO [main] org.apache.catalina.startup.VersionLoggerListener.log Command line argument: -Djava.util.logging.config.file=/home/commesse/nuovo-nix/tomcat10/conf/logging.properties
08-Dec-2025 21:38:21.737 INFO [main] org.apache.catalina.startup.VersionLoggerListener.log Command line argument: -Djava.util.logging.manager=org.apache.juli.ClassLoaderLogManager
08-Dec-2025 21:38:21.737 INFO [main] org.apache.catalina.startup.VersionLoggerListener.log Command line argument: -Djdk.tls.ephemeralDHKeySize=2048
08-Dec-2025 21:38:21.737 INFO [main] org.apache.catalina.startup.VersionLoggerListener.log Command line argument: -Djava.protocol.handler.pkgs=org.apache.catalina.webresources
08-Dec-2025 21:38:21.737 INFO [main] org.apache.catalina.startup.VersionLoggerListener.log Command line argument: -Dorg.apache.catalina.security.SecurityListener.UMASK=0027
08-Dec-2025 21:38:21.737 INFO [main] org.apache.catalina.startup.VersionLoggerListener.log Command line argument: --add-opens=java.base/java.lang=ALL-UNNAMED
08-Dec-2025 21:38:21.737 INFO [main] org.apache.catalina.startup.VersionLoggerListener.log Command line argument: --add-opens=java.base/java.io=ALL-UNNAMED
08-Dec-2025 21:38:21.738 INFO [main] org.apache.catalina.startup.VersionLoggerListener.log Command line argument: --add-opens=java.base/java.util=ALL-UNNAMED
08-Dec-2025 21:38:21.738 INFO [main] org.apache.catalina.startup.VersionLoggerListener.log Command line argument: --add-opens=java.base/java.util.concurrent=ALL-UNNAMED
08-Dec-2025 21:38:21.738 INFO [main] org.apache.catalina.startup.VersionLoggerListener.log Command line argument: --add-opens=java.rmi/sun.rmi.transport=ALL-UNNAMED
08-Dec-2025 21:38:21.738 INFO [main] org.apache.catalina.startup.VersionLoggerListener.log Command line argument: -Dcatalina.base=/home/commesse/nuovo-nix/tomcat10
08-Dec-2025 21:38:21.738 INFO [main] org.apache.catalina.startup.VersionLoggerListener.log Command line argument: -Dcatalina.home=/home/commesse/nuovo-nix/tomcat10
08-Dec-2025 21:38:21.738 INFO [main] org.apache.catalina.startup.VersionLoggerListener.log Command line argument: -Djava.io.tmpdir=/home/commesse/nuovo-nix/tomcat10/temp
08-Dec-2025 21:38:21.741 INFO [main] org.apache.catalina.core.AprLifecycleListener.lifecycleEvent The Apache Tomcat Native library which allows using OpenSSL was not found on the java.library.path: [/usr/java/packages/lib:/usr/lib64:/lib64:/lib:/usr/lib]
08-Dec-2025 21:38:22.292 INFO [main] org.apache.coyote.AbstractProtocol.init Initializing ProtocolHandler ["http-nio-127.0.0.1-8080"]
08-Dec-2025 21:38:22.327 INFO [main] org.apache.catalina.startup.Catalina.load Server initialization in [951] milliseconds
08-Dec-2025 21:38:22.405 INFO [main] org.apache.catalina.core.StandardService.startInternal Starting service [Catalina]
08-Dec-2025 21:38:22.406 INFO [main] org.apache.catalina.core.StandardEngine.startInternal Starting Servlet engine: [Apache Tomcat/10.1.20]
08-Dec-2025 21:38:22.444 INFO [main] org.apache.catalina.startup.HostConfig.deployWAR Deploying web application archive [/home/commesse/nuovo-nix/tomcat10/webapps/commesse-0.0.1-SNAPSHOT.war]
08-Dec-2025 21:38:25.534 INFO [main] org.apache.jasper.servlet.TldScanner.scanJars At least one JAR was scanned for TLDs yet contained no TLDs. Enable debug logging for this logger for a complete list of JARs that were scanned but no TLDs were found in them. Skipping unneeded JARs during scanning can improve startup time and JSP compilation time.

  .   ____          _            __ _ _
 /\\ / ___'_ __ _ _(_)_ __  __ _ \ \ \ \
( ( )\___ | '_ | '_| | '_ \/ _` | \ \ \ \
 \\/  ___)| |_)| | | | | || (_| |  ) ) ) )
  '  |____| .__|_| |_|_| |_\__, | / / / /
 =========|_|==============|___/=/_/_/_/

 :: Spring Boot ::                (v3.4.4)

2025-12-08T21:38:26.460+01:00  INFO 14040 --- [commesse] [           main] c.gestione.commesse.ServletInitializer   : Starting ServletInitializer v0.1 using Java 21 with PID 14040 (/home/commesse/nuovo-nix/tomcat10/webapps/commesse-0.0.1-SNAPSHOT/WEB-INF/classes started by commesse in /home/commesse/nuovo-nix/tomcat10)
2025-12-08T21:38:26.463+01:00  INFO 14040 --- [commesse] [           main] c.gestione.commesse.ServletInitializer   : No active profile set, falling back to 1 default profile: "default"
2025-12-08T21:38:27.563+01:00  INFO 14040 --- [commesse] [           main] .s.d.r.c.RepositoryConfigurationDelegate : Bootstrapping Spring Data JPA repositories in DEFAULT mode.
2025-12-08T21:38:27.757+01:00  INFO 14040 --- [commesse] [           main] .s.d.r.c.RepositoryConfigurationDelegate : Finished Spring Data repository scanning in 180 ms. Found 24 JPA repository interfaces.
2025-12-08T21:38:28.306+01:00  INFO 14040 --- [commesse] [           main] w.s.c.ServletWebServerApplicationContext : Root WebApplicationContext: initialization completed in 1762 ms
2025-12-08T21:38:29.102+01:00  INFO 14040 --- [commesse] [           main] o.hibernate.jpa.internal.util.LogHelper  : HHH000204: Processing PersistenceUnitInfo [name: default]
2025-12-08T21:38:29.262+01:00  INFO 14040 --- [commesse] [           main] org.hibernate.Version                    : HHH000412: Hibernate ORM core version 6.6.11.Final
2025-12-08T21:38:29.330+01:00  INFO 14040 --- [commesse] [           main] o.h.c.internal.RegionFactoryInitiator    : HHH000026: Second-level cache disabled
2025-12-08T21:38:29.757+01:00  INFO 14040 --- [commesse] [           main] o.s.o.j.p.SpringPersistenceUnitInfo      : No LoadTimeWeaver setup: ignoring JPA class transformer
2025-12-08T21:38:29.814+01:00  INFO 14040 --- [commesse] [           main] com.zaxxer.hikari.HikariDataSource       : HikariPool-1 - Starting...
2025-12-08T21:38:30.040+01:00  INFO 14040 --- [commesse] [           main] com.zaxxer.hikari.pool.HikariPool        : HikariPool-1 - Added connection com.mysql.cj.jdbc.ConnectionImpl@b50042d
2025-12-08T21:38:30.045+01:00  INFO 14040 --- [commesse] [           main] com.zaxxer.hikari.HikariDataSource       : HikariPool-1 - Start completed.
2025-12-08T21:38:30.094+01:00  WARN 14040 --- [commesse] [           main] org.hibernate.orm.deprecation            : HHH90000025: MySQL8Dialect does not need to be specified explicitly using 'hibernate.dialect' (remove the property setting and it will be selected by default)
2025-12-08T21:38:30.095+01:00  WARN 14040 --- [commesse] [           main] org.hibernate.orm.deprecation            : HHH90000026: MySQL8Dialect has been deprecated; use org.hibernate.dialect.MySQLDialect instead
2025-12-08T21:38:30.121+01:00  INFO 14040 --- [commesse] [           main] org.hibernate.orm.connections.pooling    : HHH10001005: Database info:
	Database JDBC URL [Connecting through datasource 'HikariDataSource (HikariPool-1)']
	Database driver: undefined/unknown
	Database version: 8.0
	Autocommit mode: undefined/unknown
	Isolation level: undefined/unknown
	Minimum pool size: undefined/unknown
	Maximum pool size: undefined/unknown
2025-12-08T21:38:32.173+01:00  INFO 14040 --- [commesse] [           main] o.h.e.t.j.p.i.JtaPlatformInitiator       : HHH000489: No JTA platform available (set 'hibernate.transaction.jta.platform' to enable JTA platform integration)
2025-12-08T21:38:32.176+01:00  INFO 14040 --- [commesse] [           main] j.LocalContainerEntityManagerFactoryBean : Initialized JPA EntityManagerFactory for persistence unit 'default'
2025-12-08T21:38:32.834+01:00  INFO 14040 --- [commesse] [           main] o.s.d.j.r.query.QueryEnhancerFactory     : Hibernate is in classpath; If applicable, HQL parser will be used.
2025-12-08T21:38:34.598+01:00  WARN 14040 --- [commesse] [           main] JpaBaseConfiguration$JpaWebConfiguration : spring.jpa.open-in-view is enabled by default. Therefore, database queries may be performed during view rendering. Explicitly configure spring.jpa.open-in-view to disable this warning
2025-12-08T21:38:35.522+01:00  INFO 14040 --- [commesse] [           main] c.gestione.commesse.ServletInitializer   : Started ServletInitializer in 9.774 seconds (process running for 14.501)
08-Dec-2025 21:38:35.573 INFO [main] org.apache.catalina.startup.HostConfig.deployWAR Deployment of web application archive [/home/commesse/nuovo-nix/tomcat10/webapps/commesse-0.0.1-SNAPSHOT.war] has finished in [13,128] ms
08-Dec-2025 21:38:35.574 INFO [main] org.apache.catalina.startup.HostConfig.deployDirectory Deploying web application directory [/home/commesse/nuovo-nix/tomcat10/webapps/commesse]
08-Dec-2025 21:38:35.604 INFO [main] org.apache.catalina.startup.HostConfig.deployDirectory Deployment of web application directory [/home/commesse/nuovo-nix/tomcat10/webapps/commesse] has finished in [30] ms
08-Dec-2025 21:38:35.614 INFO [main] org.apache.coyote.AbstractProtocol.start Starting ProtocolHandler ["http-nio-127.0.0.1-8080"]
08-Dec-2025 21:38:35.637 INFO [main] org.apache.catalina.startup.Catalina.start Server startup in [13307] milliseconds
2025-12-08T21:38:35.733+01:00  INFO 14040 --- [commesse] [0.1-8080-exec-1] o.s.web.servlet.DispatcherServlet        : Initializing Servlet 'dispatcherServlet'
2025-12-08T21:38:35.737+01:00  INFO 14040 --- [commesse] [0.1-8080-exec-1] o.s.web.servlet.DispatcherServlet        : Completed initialization in 3 ms
08-Dec-2025 21:56:08.944 INFO [main] org.apache.catalina.core.StandardServer.await A valid shutdown command was received via the shutdown port. Stopping the Server instance.
08-Dec-2025 21:56:08.947 INFO [main] org.apache.coyote.AbstractProtocol.pause Pausing ProtocolHandler ["http-nio-127.0.0.1-8080"]
08-Dec-2025 21:56:08.949 INFO [main] org.apache.catalina.core.StandardService.stopInternal Stopping service [Catalina]
08-Dec-2025 21:56:09.060 WARNING [main] org.apache.catalina.loader.WebappClassLoaderBase.clearReferencesThreads The web application [commesse-0.0.1-SNAPSHOT] appears to have started a thread named [mysql-cj-abandoned-connection-cleanup] but has failed to stop it. This is very likely to create a memory leak. Stack trace of thread:
 java.base/jdk.internal.misc.Unsafe.park(Native Method)
 java.base/java.util.concurrent.locks.LockSupport.parkNanos(LockSupport.java:269)
 java.base/java.util.concurrent.locks.AbstractQueuedSynchronizer$ConditionObject.await(AbstractQueuedSynchronizer.java:1847)
 java.base/java.lang.ref.ReferenceQueue.await(ReferenceQueue.java:71)
 java.base/java.lang.ref.ReferenceQueue.remove0(ReferenceQueue.java:143)
 java.base/java.lang.ref.ReferenceQueue.remove(ReferenceQueue.java:218)
 com.mysql.cj.jdbc.AbandonedConnectionCleanupThread.run(AbandonedConnectionCleanupThread.java:91)
 java.base/java.util.concurrent.ThreadPoolExecutor.runWorker(ThreadPoolExecutor.java:1144)
 java.base/java.util.concurrent.ThreadPoolExecutor$Worker.run(ThreadPoolExecutor.java:642)
 java.base/java.lang.Thread.run(Thread.java:1583)
08-Dec-2025 21:56:09.065 INFO [main] org.apache.coyote.AbstractProtocol.stop Stopping ProtocolHandler ["http-nio-127.0.0.1-8080"]
08-Dec-2025 21:56:09.080 INFO [main] org.apache.coyote.AbstractProtocol.destroy Destroying ProtocolHandler ["http-nio-127.0.0.1-8080"]
08-Dec-2025 22:08:26.802 INFO [main] org.apache.catalina.startup.VersionLoggerListener.log Server version name:   Apache Tomcat/10.1.20
08-Dec-2025 22:08:26.811 INFO [main] org.apache.catalina.startup.VersionLoggerListener.log Server built:          Mar 19 2024 12:49:58 UTC
08-Dec-2025 22:08:26.812 INFO [main] org.apache.catalina.startup.VersionLoggerListener.log Server version number: 10.1.20.0
08-Dec-2025 22:08:26.812 INFO [main] org.apache.catalina.startup.VersionLoggerListener.log OS Name:               Linux
08-Dec-2025 22:08:26.812 INFO [main] org.apache.catalina.startup.VersionLoggerListener.log OS Version:            6.6.87.2-microsoft-standard-WSL2
08-Dec-2025 22:08:26.813 INFO [main] org.apache.catalina.startup.VersionLoggerListener.log Architecture:          amd64
08-Dec-2025 22:08:26.813 INFO [main] org.apache.catalina.startup.VersionLoggerListener.log Java Home:             /nix/store/0n8rsyvlwy87bqb7151si4c4ifqcp31c-openjdk-21+35/lib/openjdk
08-Dec-2025 22:08:26.813 INFO [main] org.apache.catalina.startup.VersionLoggerListener.log JVM Version:           21+35-nixos
08-Dec-2025 22:08:26.813 INFO [main] org.apache.catalina.startup.VersionLoggerListener.log JVM Vendor:            Oracle Corporation
08-Dec-2025 22:08:26.814 INFO [main] org.apache.catalina.startup.VersionLoggerListener.log CATALINA_BASE:         /home/commesse/nuovo-nix/tomcat10
08-Dec-2025 22:08:26.814 INFO [main] org.apache.catalina.startup.VersionLoggerListener.log CATALINA_HOME:         /home/commesse/nuovo-nix/tomcat10
08-Dec-2025 22:08:26.841 INFO [main] org.apache.catalina.startup.VersionLoggerListener.log Command line argument: -Djava.util.logging.config.file=/home/commesse/nuovo-nix/tomcat10/conf/logging.properties
08-Dec-2025 22:08:26.841 INFO [main] org.apache.catalina.startup.VersionLoggerListener.log Command line argument: -Djava.util.logging.manager=org.apache.juli.ClassLoaderLogManager
08-Dec-2025 22:08:26.841 INFO [main] org.apache.catalina.startup.VersionLoggerListener.log Command line argument: -Djdk.tls.ephemeralDHKeySize=2048
08-Dec-2025 22:08:26.842 INFO [main] org.apache.catalina.startup.VersionLoggerListener.log Command line argument: -Djava.protocol.handler.pkgs=org.apache.catalina.webresources
08-Dec-2025 22:08:26.842 INFO [main] org.apache.catalina.startup.VersionLoggerListener.log Command line argument: -Dorg.apache.catalina.security.SecurityListener.UMASK=0027
08-Dec-2025 22:08:26.842 INFO [main] org.apache.catalina.startup.VersionLoggerListener.log Command line argument: --add-opens=java.base/java.lang=ALL-UNNAMED
08-Dec-2025 22:08:26.842 INFO [main] org.apache.catalina.startup.VersionLoggerListener.log Command line argument: --add-opens=java.base/java.io=ALL-UNNAMED
08-Dec-2025 22:08:26.842 INFO [main] org.apache.catalina.startup.VersionLoggerListener.log Command line argument: --add-opens=java.base/java.util=ALL-UNNAMED
08-Dec-2025 22:08:26.842 INFO [main] org.apache.catalina.startup.VersionLoggerListener.log Command line argument: --add-opens=java.base/java.util.concurrent=ALL-UNNAMED
08-Dec-2025 22:08:26.843 INFO [main] org.apache.catalina.startup.VersionLoggerListener.log Command line argument: --add-opens=java.rmi/sun.rmi.transport=ALL-UNNAMED
08-Dec-2025 22:08:26.843 INFO [main] org.apache.catalina.startup.VersionLoggerListener.log Command line argument: -Dcatalina.base=/home/commesse/nuovo-nix/tomcat10
08-Dec-2025 22:08:26.843 INFO [main] org.apache.catalina.startup.VersionLoggerListener.log Command line argument: -Dcatalina.home=/home/commesse/nuovo-nix/tomcat10
08-Dec-2025 22:08:26.843 INFO [main] org.apache.catalina.startup.VersionLoggerListener.log Command line argument: -Djava.io.tmpdir=/home/commesse/nuovo-nix/tomcat10/temp
08-Dec-2025 22:08:26.844 INFO [main] org.apache.catalina.core.AprLifecycleListener.lifecycleEvent The Apache Tomcat Native library which allows using OpenSSL was not found on the java.library.path: [/usr/java/packages/lib:/usr/lib64:/lib64:/lib:/usr/lib]
08-Dec-2025 22:08:27.477 INFO [main] org.apache.coyote.AbstractProtocol.init Initializing ProtocolHandler ["http-nio-127.0.0.1-8080"]
08-Dec-2025 22:08:27.590 INFO [main] org.apache.catalina.startup.Catalina.load Server initialization in [1128] milliseconds
08-Dec-2025 22:08:27.712 INFO [main] org.apache.catalina.core.StandardService.startInternal Starting service [Catalina]
08-Dec-2025 22:08:27.713 INFO [main] org.apache.catalina.core.StandardEngine.startInternal Starting Servlet engine: [Apache Tomcat/10.1.20]
08-Dec-2025 22:08:27.749 INFO [main] org.apache.catalina.startup.HostConfig.deployWAR Deploying web application archive [/home/commesse/nuovo-nix/tomcat10/webapps/commesse-0.0.1-SNAPSHOT.war]
08-Dec-2025 22:08:31.052 INFO [main] org.apache.jasper.servlet.TldScanner.scanJars At least one JAR was scanned for TLDs yet contained no TLDs. Enable debug logging for this logger for a complete list of JARs that were scanned but no TLDs were found in them. Skipping unneeded JARs during scanning can improve startup time and JSP compilation time.

  .   ____          _            __ _ _
 /\\ / ___'_ __ _ _(_)_ __  __ _ \ \ \ \
( ( )\___ | '_ | '_| | '_ \/ _` | \ \ \ \
 \\/  ___)| |_)| | | | | || (_| |  ) ) ) )
  '  |____| .__|_| |_|_| |_\__, | / / / /
 =========|_|==============|___/=/_/_/_/

 :: Spring Boot ::                (v3.4.4)

2025-12-08T22:08:32.006+01:00  INFO 19584 --- [commesse] [           main] c.gestione.commesse.ServletInitializer   : Starting ServletInitializer v0.1 using Java 21 with PID 19584 (/home/commesse/nuovo-nix/tomcat10/webapps/commesse-0.0.1-SNAPSHOT/WEB-INF/classes started by commesse in /home/commesse/nuovo-nix/tomcat10)
2025-12-08T22:08:32.009+01:00  INFO 19584 --- [commesse] [           main] c.gestione.commesse.ServletInitializer   : No active profile set, falling back to 1 default profile: "default"
2025-12-08T22:08:33.268+01:00  INFO 19584 --- [commesse] [           main] .s.d.r.c.RepositoryConfigurationDelegate : Bootstrapping Spring Data JPA repositories in DEFAULT mode.
2025-12-08T22:08:33.435+01:00  INFO 19584 --- [commesse] [           main] .s.d.r.c.RepositoryConfigurationDelegate : Finished Spring Data repository scanning in 150 ms. Found 24 JPA repository interfaces.
2025-12-08T22:08:34.116+01:00  INFO 19584 --- [commesse] [           main] w.s.c.ServletWebServerApplicationContext : Root WebApplicationContext: initialization completed in 1997 ms
2025-12-08T22:08:35.075+01:00  INFO 19584 --- [commesse] [           main] o.hibernate.jpa.internal.util.LogHelper  : HHH000204: Processing PersistenceUnitInfo [name: default]
2025-12-08T22:08:35.271+01:00  INFO 19584 --- [commesse] [           main] org.hibernate.Version                    : HHH000412: Hibernate ORM core version 6.6.11.Final
2025-12-08T22:08:35.357+01:00  INFO 19584 --- [commesse] [           main] o.h.c.internal.RegionFactoryInitiator    : HHH000026: Second-level cache disabled
2025-12-08T22:08:35.793+01:00  INFO 19584 --- [commesse] [           main] o.s.o.j.p.SpringPersistenceUnitInfo      : No LoadTimeWeaver setup: ignoring JPA class transformer
2025-12-08T22:08:35.855+01:00  INFO 19584 --- [commesse] [           main] com.zaxxer.hikari.HikariDataSource       : HikariPool-1 - Starting...
2025-12-08T22:08:36.109+01:00  INFO 19584 --- [commesse] [           main] com.zaxxer.hikari.pool.HikariPool        : HikariPool-1 - Added connection com.mysql.cj.jdbc.ConnectionImpl@566013ec
2025-12-08T22:08:36.114+01:00  INFO 19584 --- [commesse] [           main] com.zaxxer.hikari.HikariDataSource       : HikariPool-1 - Start completed.
2025-12-08T22:08:36.173+01:00  WARN 19584 --- [commesse] [           main] org.hibernate.orm.deprecation            : HHH90000025: MySQL8Dialect does not need to be specified explicitly using 'hibernate.dialect' (remove the property setting and it will be selected by default)
2025-12-08T22:08:36.175+01:00  WARN 19584 --- [commesse] [           main] org.hibernate.orm.deprecation            : HHH90000026: MySQL8Dialect has been deprecated; use org.hibernate.dialect.MySQLDialect instead
2025-12-08T22:08:36.202+01:00  INFO 19584 --- [commesse] [           main] org.hibernate.orm.connections.pooling    : HHH10001005: Database info:
	Database JDBC URL [Connecting through datasource 'HikariDataSource (HikariPool-1)']
	Database driver: undefined/unknown
	Database version: 8.0
	Autocommit mode: undefined/unknown
	Isolation level: undefined/unknown
	Minimum pool size: undefined/unknown
	Maximum pool size: undefined/unknown
2025-12-08T22:08:38.140+01:00  INFO 19584 --- [commesse] [           main] o.h.e.t.j.p.i.JtaPlatformInitiator       : HHH000489: No JTA platform available (set 'hibernate.transaction.jta.platform' to enable JTA platform integration)
2025-12-08T22:08:38.144+01:00  INFO 19584 --- [commesse] [           main] j.LocalContainerEntityManagerFactoryBean : Initialized JPA EntityManagerFactory for persistence unit 'default'
2025-12-08T22:08:38.797+01:00  INFO 19584 --- [commesse] [           main] o.s.d.j.r.query.QueryEnhancerFactory     : Hibernate is in classpath; If applicable, HQL parser will be used.
2025-12-08T22:08:40.370+01:00  WARN 19584 --- [commesse] [           main] JpaBaseConfiguration$JpaWebConfiguration : spring.jpa.open-in-view is enabled by default. Therefore, database queries may be performed during view rendering. Explicitly configure spring.jpa.open-in-view to disable this warning
2025-12-08T22:08:40.787+01:00 DEBUG 19584 --- [commesse] [           main] s.w.s.m.m.a.RequestMappingHandlerMapping : 74 mappings in 'requestMappingHandlerMapping'
2025-12-08T22:08:40.996+01:00 DEBUG 19584 --- [commesse] [           main] o.s.w.s.handler.SimpleUrlHandlerMapping  : Patterns [/webjars/**, /**] in 'resourceHandlerMapping'
2025-12-08T22:08:41.081+01:00 DEBUG 19584 --- [commesse] [           main] s.w.s.m.m.a.RequestMappingHandlerAdapter : ControllerAdvice beans: 0 @ModelAttribute, 0 @InitBinder, 1 RequestBodyAdvice, 1 ResponseBodyAdvice
2025-12-08T22:08:41.194+01:00 DEBUG 19584 --- [commesse] [           main] .m.m.a.ExceptionHandlerExceptionResolver : ControllerAdvice beans: 0 @ExceptionHandler, 1 ResponseBodyAdvice
2025-12-08T22:08:41.404+01:00  INFO 19584 --- [commesse] [           main] c.gestione.commesse.ServletInitializer   : Started ServletInitializer in 10.162 seconds (process running for 15.396)
08-Dec-2025 22:08:41.464 INFO [main] org.apache.catalina.startup.HostConfig.deployWAR Deployment of web application archive [/home/commesse/nuovo-nix/tomcat10/webapps/commesse-0.0.1-SNAPSHOT.war] has finished in [13,713] ms
08-Dec-2025 22:08:41.465 INFO [main] org.apache.catalina.startup.HostConfig.deployDirectory Deploying web application directory [/home/commesse/nuovo-nix/tomcat10/webapps/commesse]
08-Dec-2025 22:08:41.492 INFO [main] org.apache.catalina.startup.HostConfig.deployDirectory Deployment of web application directory [/home/commesse/nuovo-nix/tomcat10/webapps/commesse] has finished in [27] ms
08-Dec-2025 22:08:41.499 INFO [main] org.apache.coyote.AbstractProtocol.start Starting ProtocolHandler ["http-nio-127.0.0.1-8080"]
08-Dec-2025 22:08:41.536 INFO [main] org.apache.catalina.startup.Catalina.start Server startup in [13940] milliseconds
2025-12-08T22:09:24.535+01:00  INFO 19584 --- [commesse] [0.1-8080-exec-1] o.s.web.servlet.DispatcherServlet        : Initializing Servlet 'dispatcherServlet'
2025-12-08T22:09:24.536+01:00 DEBUG 19584 --- [commesse] [0.1-8080-exec-1] o.s.web.servlet.DispatcherServlet        : Detected StandardServletMultipartResolver
2025-12-08T22:09:24.536+01:00 DEBUG 19584 --- [commesse] [0.1-8080-exec-1] o.s.web.servlet.DispatcherServlet        : Detected AcceptHeaderLocaleResolver
2025-12-08T22:09:24.537+01:00 DEBUG 19584 --- [commesse] [0.1-8080-exec-1] o.s.web.servlet.DispatcherServlet        : Detected FixedThemeResolver
2025-12-08T22:09:24.538+01:00 DEBUG 19584 --- [commesse] [0.1-8080-exec-1] o.s.web.servlet.DispatcherServlet        : Detected org.springframework.web.servlet.view.DefaultRequestToViewNameTranslator@56f1fcd6
2025-12-08T22:09:24.539+01:00 DEBUG 19584 --- [commesse] [0.1-8080-exec-1] o.s.web.servlet.DispatcherServlet        : Detected org.springframework.web.servlet.support.SessionFlashMapManager@1d760c33
2025-12-08T22:09:24.539+01:00 DEBUG 19584 --- [commesse] [0.1-8080-exec-1] o.s.web.servlet.DispatcherServlet        : enableLoggingRequestDetails='false': request parameters and headers will be masked to prevent unsafe logging of potentially sensitive data
2025-12-08T22:09:24.540+01:00  INFO 19584 --- [commesse] [0.1-8080-exec-1] o.s.web.servlet.DispatcherServlet        : Completed initialization in 3 ms
2025-12-08T22:09:24.565+01:00 DEBUG 19584 --- [commesse] [0.1-8080-exec-1] o.s.web.servlet.DispatcherServlet        : GET "/commesse-0.0.1-SNAPSHOT/api/foglioCosto/findCommesse", parameters={}
2025-12-08T22:09:24.585+01:00 DEBUG 19584 --- [commesse] [0.1-8080-exec-1] s.w.s.m.m.a.RequestMappingHandlerMapping : Mapped to com.gestione.commesse.controller.FoglioCostoController#findCommesse()
2025-12-08T22:09:24.614+01:00  INFO 19584 --- [commesse] [0.1-8080-exec-1] c.g.c.controller.FoglioCostoController   : com.gestione.commesse.controller.FoglioCostoController : findCommesse
2025-12-08T22:09:24.671+01:00 DEBUG 19584 --- [commesse] [0.1-8080-exec-1] org.hibernate.SQL                        : 
    SELECT
        codice_commessa,
        descrizione,
        data_inserimento_nuova_commessa,
        cognome,
        nome 
    FROM
        gestione_commesse.commesse 
    JOIN
        gestione_commesse.anagrafica_dipendenti 
            On commesse.commerciale=anagrafica_dipendenti.codice_fiscale;
Hibernate: 
    SELECT
        codice_commessa,
        descrizione,
        data_inserimento_nuova_commessa,
        cognome,
        nome 
    FROM
        gestione_commesse.commesse 
    JOIN
        gestione_commesse.anagrafica_dipendenti 
            On commesse.commerciale=anagrafica_dipendenti.codice_fiscale;
2025-12-08T22:09:24.761+01:00 DEBUG 19584 --- [commesse] [0.1-8080-exec-1] o.s.w.s.m.m.a.HttpEntityMethodProcessor  : Using 'application/json', given [application/json, text/plain, */*] and supported [application/json, application/*+json]
2025-12-08T22:09:24.763+01:00 DEBUG 19584 --- [commesse] [0.1-8080-exec-1] o.s.w.s.m.m.a.HttpEntityMethodProcessor  : Writing [[CommesseDTO{codice_commessa=1001, descrizione='Commessa di test inserimento', data_inserimento_nuov (truncated)...]
2025-12-08T22:09:24.825+01:00 DEBUG 19584 --- [commesse] [0.1-8080-exec-1] o.s.web.servlet.DispatcherServlet        : Completed 200 OK
2025-12-08T22:09:26.578+01:00 DEBUG 19584 --- [commesse] [0.1-8080-exec-3] o.s.web.servlet.DispatcherServlet        : GET "/commesse-0.0.1-SNAPSHOT/api/TabTransCod/getAllStati", parameters={}
2025-12-08T22:09:26.580+01:00 DEBUG 19584 --- [commesse] [0.1-8080-exec-3] s.w.s.m.m.a.RequestMappingHandlerMapping : Mapped to com.gestione.commesse.controller.TabTransCodController#getAllStati()
2025-12-08T22:09:26.579+01:00 DEBUG 19584 --- [commesse] [0.1-8080-exec-2] o.s.web.servlet.DispatcherServlet        : GET "/commesse-0.0.1-SNAPSHOT/api/anagrafica/getRuolo?ruolo=account", parameters={masked}
2025-12-08T22:09:26.582+01:00 DEBUG 19584 --- [commesse] [0.1-8080-exec-2] s.w.s.m.m.a.RequestMappingHandlerMapping : Mapped to com.gestione.commesse.controller.AnagraficaDipendenteController#getRuolo(String)
2025-12-08T22:09:26.591+01:00  INFO 19584 --- [commesse] [0.1-8080-exec-3] c.g.c.controller.UtenzeController        : com.gestione.commesse.controller.TabTransCodController : getAllStati
2025-12-08T22:09:26.610+01:00 DEBUG 19584 --- [commesse] [0.1-8080-exec-4] o.s.web.servlet.DispatcherServlet        : GET "/commesse-0.0.1-SNAPSHOT/api/anagrafica/getRuolo?ruolo=commerciale", parameters={masked}
2025-12-08T22:09:26.612+01:00 DEBUG 19584 --- [commesse] [0.1-8080-exec-4] s.w.s.m.m.a.RequestMappingHandlerMapping : Mapped to com.gestione.commesse.controller.AnagraficaDipendenteController#getRuolo(String)
2025-12-08T22:09:26.613+01:00 DEBUG 19584 --- [commesse] [0.1-8080-exec-5] o.s.web.servlet.DispatcherServlet        : GET "/commesse-0.0.1-SNAPSHOT/api/anagrafica/getRuolo?ruolo=pm", parameters={masked}
2025-12-08T22:09:26.614+01:00 DEBUG 19584 --- [commesse] [0.1-8080-exec-5] s.w.s.m.m.a.RequestMappingHandlerMapping : Mapped to com.gestione.commesse.controller.AnagraficaDipendenteController#getRuolo(String)
2025-12-08T22:09:26.622+01:00 DEBUG 19584 --- [commesse] [0.1-8080-exec-6] o.s.web.servlet.DispatcherServlet        : GET "/commesse-0.0.1-SNAPSHOT/api/attivitaAssegnate/getAttivitaByCodiceCommessa?codice_commessa=undefined", parameters={masked}
2025-12-08T22:09:26.622+01:00 DEBUG 19584 --- [commesse] [0.1-8080-exec-7] o.s.web.servlet.DispatcherServlet        : GET "/commesse-0.0.1-SNAPSHOT/api/clienti/getClientiByTipoSoggetto?tipo_soggetto=CLIENTE", parameters={masked}
2025-12-08T22:09:26.623+01:00 DEBUG 19584 --- [commesse] [0.1-8080-exec-6] s.w.s.m.m.a.RequestMappingHandlerMapping : Mapped to com.gestione.commesse.controller.AttivitaAssegnateController#getRisorsaByCodiceCommessa(String)
2025-12-08T22:09:26.624+01:00 DEBUG 19584 --- [commesse] [0.1-8080-exec-7] s.w.s.m.m.a.RequestMappingHandlerMapping : Mapped to com.gestione.commesse.controller.ClientiController#getClientiByTipoSoggetto(String)
2025-12-08T22:09:26.645+01:00  INFO 19584 --- [commesse] [0.1-8080-exec-6] c.g.c.c.AttivitaAssegnateController      : com.gestione.commesse.controller.AttivitaAssegnateController : getRisorsaByCodiceCommessa
2025-12-08T22:09:26.645+01:00  INFO 19584 --- [commesse] [0.1-8080-exec-2] c.g.c.c.AnagraficaDipendenteController   : com.gestione.commesse.controller.AnagraficaDipendenteController : getRuolo
2025-12-08T22:09:26.645+01:00  INFO 19584 --- [commesse] [0.1-8080-exec-5] c.g.c.c.AnagraficaDipendenteController   : com.gestione.commesse.controller.AnagraficaDipendenteController : getRuolo
2025-12-08T22:09:26.645+01:00  INFO 19584 --- [commesse] [0.1-8080-exec-7] c.g.c.controller.ClientiController       : com.gestione.commesse.controller.ClientiController : getClientiByTipoSoggetto
2025-12-08T22:09:26.645+01:00  INFO 19584 --- [commesse] [0.1-8080-exec-4] c.g.c.c.AnagraficaDipendenteController   : com.gestione.commesse.controller.AnagraficaDipendenteController : getRuolo
2025-12-08T22:09:26.717+01:00 DEBUG 19584 --- [commesse] [0.1-8080-exec-3] org.hibernate.SQL                        : 
    select
        s1_0.idstati,
        s1_0.descrizione 
    from
        stati s1_0
Hibernate: 
    select
        s1_0.idstati,
        s1_0.descrizione 
    from
        stati s1_0
2025-12-08T22:09:26.718+01:00 DEBUG 19584 --- [commesse] [0.1-8080-exec-4] org.hibernate.SQL                        : 
    select
        ad1_0.codice_fiscale,
        ad1_0.cap_domicilio,
        ad1_0.cap_residenza,
        ad1_0.civico_domicilio,
        ad1_0.cognome,
        ad1_0.comune_domicilio,
        ad1_0.comune_nascita,
        ad1_0.comune_residenza,
        ad1_0.data_assunzione,
        ad1_0.data_fine_rapporto,
        ad1_0.data_inserimento,
        ad1_0.data_nascita,
        ad1_0.datore_lavoro,
        ad1_0.disponibilita_cellulare,
        ad1_0.durata_periodo_prova,
        ad1_0.indirizzo_domicilio,
        ad1_0.indirizzo_residenza,
        ad1_0.livello_inquadramento,
        ad1_0.nazionalita,
        ad1_0.nome,
        ad1_0.note,
        ad1_0.numero_cellulare_aziendale,
        ad1_0.numero_cellulare_personale,
        ad1_0.numero_civico_residenza,
        ad1_0.numero_eventuali_rinnovi,
        ad1_0.numero_matricola,
        ad1_0.preavviso,
        ad1_0.prov_domicilio,
        ad1_0.prov_residenza,
        ad1_0.provincia_nascita,
        ad1_0.ruolo_account,
        ad1_0.ruolo_capo_progetto,
        ad1_0.ruolo_commerciale,
        ad1_0.ruolo_manager,
        ad1_0.ruolo_tecnico,
        ad1_0.scadenza_se_determinato,
        ad1_0.tipo_ccnl,
        ad1_0.tipo_contratto_assunzione,
        ad1_0.tipo_fine_rapporto 
    from
        anagrafica_dipendenti ad1_0 
    where
        ad1_0.ruolo_commerciale='SI'
Hibernate: 
    select
        ad1_0.codice_fiscale,
        ad1_0.cap_domicilio,
        ad1_0.cap_residenza,
        ad1_0.civico_domicilio,
        ad1_0.cognome,
        ad1_0.comune_domicilio,
        ad1_0.comune_nascita,
        ad1_0.comune_residenza,
        ad1_0.data_assunzione,
        ad1_0.data_fine_rapporto,
        ad1_0.data_inserimento,
        ad1_0.data_nascita,
        ad1_0.datore_lavoro,
        ad1_0.disponibilita_cellulare,
        ad1_0.durata_periodo_prova,
        ad1_0.indirizzo_domicilio,
        ad1_0.indirizzo_residenza,
        ad1_0.livello_inquadramento,
        ad1_0.nazionalita,
        ad1_0.nome,
        ad1_0.note,
        ad1_0.numero_cellulare_aziendale,
        ad1_0.numero_cellulare_personale,
        ad1_0.numero_civico_residenza,
        ad1_0.numero_eventuali_rinnovi,
        ad1_0.numero_matricola,
        ad1_0.preavviso,
        ad1_0.prov_domicilio,
        ad1_0.prov_residenza,
        ad1_0.provincia_nascita,
        ad1_0.ruolo_account,
        ad1_0.ruolo_capo_progetto,
        ad1_0.ruolo_commerciale,
        ad1_0.ruolo_manager,
        ad1_0.ruolo_tecnico,
        ad1_0.scadenza_se_determinato,
        ad1_0.tipo_ccnl,
        ad1_0.tipo_contratto_assunzione,
        ad1_0.tipo_fine_rapporto 
    from
        anagrafica_dipendenti ad1_0 
    where
        ad1_0.ruolo_commerciale='SI'
2025-12-08T22:09:26.718+01:00 DEBUG 19584 --- [commesse] [0.1-8080-exec-5] org.hibernate.SQL                        : 
    select
        ad1_0.codice_fiscale,
        ad1_0.cap_domicilio,
        ad1_0.cap_residenza,
        ad1_0.civico_domicilio,
        ad1_0.cognome,
        ad1_0.comune_domicilio,
        ad1_0.comune_nascita,
        ad1_0.comune_residenza,
        ad1_0.data_assunzione,
        ad1_0.data_fine_rapporto,
        ad1_0.data_inserimento,
        ad1_0.data_nascita,
        ad1_0.datore_lavoro,
        ad1_0.disponibilita_cellulare,
        ad1_0.durata_periodo_prova,
        ad1_0.indirizzo_domicilio,
        ad1_0.indirizzo_residenza,
        ad1_0.livello_inquadramento,
        ad1_0.nazionalita,
        ad1_0.nome,
        ad1_0.note,
        ad1_0.numero_cellulare_aziendale,
        ad1_0.numero_cellulare_personale,
        ad1_0.numero_civico_residenza,
        ad1_0.numero_eventuali_rinnovi,
        ad1_0.numero_matricola,
        ad1_0.preavviso,
        ad1_0.prov_domicilio,
        ad1_0.prov_residenza,
        ad1_0.provincia_nascita,
        ad1_0.ruolo_account,
        ad1_0.ruolo_capo_progetto,
        ad1_0.ruolo_commerciale,
        ad1_0.ruolo_manager,
        ad1_0.ruolo_tecnico,
        ad1_0.scadenza_se_determinato,
        ad1_0.tipo_ccnl,
        ad1_0.tipo_contratto_assunzione,
        ad1_0.tipo_fine_rapporto 
    from
        anagrafica_dipendenti ad1_0 
    where
        ad1_0.ruolo_capo_progetto='SI'
Hibernate: 
    select
        ad1_0.codice_fiscale,
        ad1_0.cap_domicilio,
        ad1_0.cap_residenza,
        ad1_0.civico_domicilio,
        ad1_0.cognome,
        ad1_0.comune_domicilio,
        ad1_0.comune_nascita,
        ad1_0.comune_residenza,
        ad1_0.data_assunzione,
        ad1_0.data_fine_rapporto,
        ad1_0.data_inserimento,
        ad1_0.data_nascita,
        ad1_0.datore_lavoro,
        ad1_0.disponibilita_cellulare,
        ad1_0.durata_periodo_prova,
        ad1_0.indirizzo_domicilio,
        ad1_0.indirizzo_residenza,
        ad1_0.livello_inquadramento,
        ad1_0.nazionalita,
        ad1_0.nome,
        ad1_0.note,
        ad1_0.numero_cellulare_aziendale,
        ad1_0.numero_cellulare_personale,
        ad1_0.numero_civico_residenza,
        ad1_0.numero_eventuali_rinnovi,
        ad1_0.numero_matricola,
        ad1_0.preavviso,
        ad1_0.prov_domicilio,
        ad1_0.prov_residenza,
        ad1_0.provincia_nascita,
        ad1_0.ruolo_account,
        ad1_0.ruolo_capo_progetto,
        ad1_0.ruolo_commerciale,
        ad1_0.ruolo_manager,
        ad1_0.ruolo_tecnico,
        ad1_0.scadenza_se_determinato,
        ad1_0.tipo_ccnl,
        ad1_0.tipo_contratto_assunzione,
        ad1_0.tipo_fine_rapporto 
    from
        anagrafica_dipendenti ad1_0 
    where
        ad1_0.ruolo_capo_progetto='SI'
2025-12-08T22:09:26.718+01:00 DEBUG 19584 --- [commesse] [0.1-8080-exec-2] org.hibernate.SQL                        : 
    select
        ad1_0.codice_fiscale,
        ad1_0.cap_domicilio,
        ad1_0.cap_residenza,
        ad1_0.civico_domicilio,
        ad1_0.cognome,
        ad1_0.comune_domicilio,
        ad1_0.comune_nascita,
        ad1_0.comune_residenza,
        ad1_0.data_assunzione,
        ad1_0.data_fine_rapporto,
        ad1_0.data_inserimento,
        ad1_0.data_nascita,
        ad1_0.datore_lavoro,
        ad1_0.disponibilita_cellulare,
        ad1_0.durata_periodo_prova,
        ad1_0.indirizzo_domicilio,
        ad1_0.indirizzo_residenza,
        ad1_0.livello_inquadramento,
        ad1_0.nazionalita,
        ad1_0.nome,
        ad1_0.note,
        ad1_0.numero_cellulare_aziendale,
        ad1_0.numero_cellulare_personale,
        ad1_0.numero_civico_residenza,
        ad1_0.numero_eventuali_rinnovi,
        ad1_0.numero_matricola,
        ad1_0.preavviso,
        ad1_0.prov_domicilio,
        ad1_0.prov_residenza,
        ad1_0.provincia_nascita,
        ad1_0.ruolo_account,
        ad1_0.ruolo_capo_progetto,
        ad1_0.ruolo_commerciale,
        ad1_0.ruolo_manager,
        ad1_0.ruolo_tecnico,
        ad1_0.scadenza_se_determinato,
        ad1_0.tipo_ccnl,
        ad1_0.tipo_contratto_assunzione,
        ad1_0.tipo_fine_rapporto 
    from
        anagrafica_dipendenti ad1_0 
    where
        ad1_0.ruolo_account='SI'
Hibernate: 
    select
        ad1_0.codice_fiscale,
        ad1_0.cap_domicilio,
        ad1_0.cap_residenza,
        ad1_0.civico_domicilio,
        ad1_0.cognome,
        ad1_0.comune_domicilio,
        ad1_0.comune_nascita,
        ad1_0.comune_residenza,
        ad1_0.data_assunzione,
        ad1_0.data_fine_rapporto,
        ad1_0.data_inserimento,
        ad1_0.data_nascita,
        ad1_0.datore_lavoro,
        ad1_0.disponibilita_cellulare,
        ad1_0.durata_periodo_prova,
        ad1_0.indirizzo_domicilio,
        ad1_0.indirizzo_residenza,
        ad1_0.livello_inquadramento,
        ad1_0.nazionalita,
        ad1_0.nome,
        ad1_0.note,
        ad1_0.numero_cellulare_aziendale,
        ad1_0.numero_cellulare_personale,
        ad1_0.numero_civico_residenza,
        ad1_0.numero_eventuali_rinnovi,
        ad1_0.numero_matricola,
        ad1_0.preavviso,
        ad1_0.prov_domicilio,
        ad1_0.prov_residenza,
        ad1_0.provincia_nascita,
        ad1_0.ruolo_account,
        ad1_0.ruolo_capo_progetto,
        ad1_0.ruolo_commerciale,
        ad1_0.ruolo_manager,
        ad1_0.ruolo_tecnico,
        ad1_0.scadenza_se_determinato,
        ad1_0.tipo_ccnl,
        ad1_0.tipo_contratto_assunzione,
        ad1_0.tipo_fine_rapporto 
    from
        anagrafica_dipendenti ad1_0 
    where
        ad1_0.ruolo_account='SI'
2025-12-08T22:09:26.722+01:00 DEBUG 19584 --- [commesse] [0.1-8080-exec-7] org.hibernate.SQL                        : 
    select
        c1_0.codice_fiscale,
        c1_0.data_inserimento,
        c1_0.idtipopagatore,
        c1_0.idtiporapporto,
        c1_0.indirizzo_email_azienda,
        c1_0.iscritti_albo,
        c1_0.note,
        c1_0.partita_iva,
        c1_0.rag_sociale,
        c1_0.recapito_pec,
        c1_0.recapito_telefonico_azienda,
        c1_0.tipo_soggetto 
    from
        clienti c1_0 
    where
        c1_0.tipo_soggetto=?
Hibernate: 
    select
        c1_0.codice_fiscale,
        c1_0.data_inserimento,
        c1_0.idtipopagatore,
        c1_0.idtiporapporto,
        c1_0.indirizzo_email_azienda,
        c1_0.iscritti_albo,
        c1_0.note,
        c1_0.partita_iva,
        c1_0.rag_sociale,
        c1_0.recapito_pec,
        c1_0.recapito_telefonico_azienda,
        c1_0.tipo_soggetto 
    from
        clienti c1_0 
    where
        c1_0.tipo_soggetto=?
2025-12-08T22:09:26.722+01:00 DEBUG 19584 --- [commesse] [0.1-8080-exec-6] org.hibernate.SQL                        : 
    select
        aa1_0.codice_attivita,
        aa1_0.codice_commessa,
        aa1_0.codice_macroattivita,
        aa1_0.codice_fiscale,
        aa1_0.costo_quotidiano_risorsa,
        aa1_0.costo_totale_previsto_risorsa,
        aa1_0.data_inserimento_attivita,
        aa1_0.data_ultimo_aggiornamento,
        aa1_0.descrizione,
        aa1_0.idruoli,
        aa1_0.margine_prodotto_euro_alla_data,
        aa1_0.margine_prodotto_percent_alla_data,
        aa1_0.numero_gg_u_compensazione,
        aa1_0.numero_gg_u_previsti_risorsa,
        aa1_0.percent_avanzamento_alla_data,
        aa1_0.risorsa,
        aa1_0.tariffa_giornaliera_richiesta_in_offerta,
        aa1_0.totale_gg_u_impegnati_risorsa,
        aa1_0.totale_ricavo_prodotto_alla_data 
    from
        attivita_assegnate aa1_0 
    where
        aa1_0.codice_commessa=?
Hibernate: 
    select
        aa1_0.codice_attivita,
        aa1_0.codice_commessa,
        aa1_0.codice_macroattivita,
        aa1_0.codice_fiscale,
        aa1_0.costo_quotidiano_risorsa,
        aa1_0.costo_totale_previsto_risorsa,
        aa1_0.data_inserimento_attivita,
        aa1_0.data_ultimo_aggiornamento,
        aa1_0.descrizione,
        aa1_0.idruoli,
        aa1_0.margine_prodotto_euro_alla_data,
        aa1_0.margine_prodotto_percent_alla_data,
        aa1_0.numero_gg_u_compensazione,
        aa1_0.numero_gg_u_previsti_risorsa,
        aa1_0.percent_avanzamento_alla_data,
        aa1_0.risorsa,
        aa1_0.tariffa_giornaliera_richiesta_in_offerta,
        aa1_0.totale_gg_u_impegnati_risorsa,
        aa1_0.totale_ricavo_prodotto_alla_data 
    from
        attivita_assegnate aa1_0 
    where
        aa1_0.codice_commessa=?
2025-12-08T22:09:26.749+01:00 DEBUG 19584 --- [commesse] [0.1-8080-exec-6] o.s.w.s.m.m.a.HttpEntityMethodProcessor  : Using 'application/json', given [application/json, text/plain, */*] and supported [application/json, application/*+json]
2025-12-08T22:09:26.750+01:00 DEBUG 19584 --- [commesse] [0.1-8080-exec-6] o.s.w.s.m.m.a.HttpEntityMethodProcessor  : Writing [[]]
2025-12-08T22:09:26.754+01:00 DEBUG 19584 --- [commesse] [0.1-8080-exec-6] o.s.web.servlet.DispatcherServlet        : Completed 200 OK
2025-12-08T22:09:26.755+01:00  WARN 19584 --- [commesse] [0.1-8080-exec-4] o.h.engine.jdbc.spi.SqlExceptionHelper   : SQL Error: 0, SQLState: 22018
2025-12-08T22:09:26.755+01:00  WARN 19584 --- [commesse] [0.1-8080-exec-2] o.h.engine.jdbc.spi.SqlExceptionHelper   : SQL Error: 0, SQLState: 22018
2025-12-08T22:09:26.756+01:00 ERROR 19584 --- [commesse] [0.1-8080-exec-4] o.h.engine.jdbc.spi.SqlExceptionHelper   : Unsupported conversion from LONG to java.sql.Timestamp
2025-12-08T22:09:26.755+01:00  WARN 19584 --- [commesse] [0.1-8080-exec-7] o.h.engine.jdbc.spi.SqlExceptionHelper   : SQL Error: 1146, SQLState: 42S02
2025-12-08T22:09:26.756+01:00 ERROR 19584 --- [commesse] [0.1-8080-exec-2] o.h.engine.jdbc.spi.SqlExceptionHelper   : Unsupported conversion from LONG to java.sql.Timestamp
2025-12-08T22:09:26.756+01:00 ERROR 19584 --- [commesse] [0.1-8080-exec-7] o.h.engine.jdbc.spi.SqlExceptionHelper   : Table 'gestione_commesse.clienti' doesn't exist
2025-12-08T22:09:26.755+01:00  WARN 19584 --- [commesse] [0.1-8080-exec-5] o.h.engine.jdbc.spi.SqlExceptionHelper   : SQL Error: 0, SQLState: 22018
2025-12-08T22:09:26.757+01:00 ERROR 19584 --- [commesse] [0.1-8080-exec-5] o.h.engine.jdbc.spi.SqlExceptionHelper   : Unsupported conversion from LONG to java.sql.Timestamp
2025-12-08T22:09:26.762+01:00 DEBUG 19584 --- [commesse] [0.1-8080-exec-8] o.s.web.servlet.DispatcherServlet        : GET "/commesse-0.0.1-SNAPSHOT/api/TabTransCod/getAllAttivita", parameters={}
2025-12-08T22:09:26.764+01:00 DEBUG 19584 --- [commesse] [0.1-8080-exec-8] s.w.s.m.m.a.RequestMappingHandlerMapping : Mapped to com.gestione.commesse.controller.TabTransCodController#getAllAttivita()
2025-12-08T22:09:26.765+01:00 DEBUG 19584 --- [commesse] [0.1-8080-exec-3] o.s.w.s.m.m.a.HttpEntityMethodProcessor  : Using 'application/json', given [application/json, text/plain, */*] and supported [application/json, application/*+json]
2025-12-08T22:09:26.766+01:00  INFO 19584 --- [commesse] [0.1-8080-exec-8] c.g.c.controller.UtenzeController        : com.gestione.commesse.controller.TabTransCodController : getAllAttivita
2025-12-08T22:09:26.766+01:00 DEBUG 19584 --- [commesse] [0.1-8080-exec-3] o.s.w.s.m.m.a.HttpEntityMethodProcessor  : Writing [[com.gestione.commesse.entities.Stati@70e5991a, com.gestione.commesse.entities.Stati@62b0580c, com.g (truncated)...]
2025-12-08T22:09:26.771+01:00 DEBUG 19584 --- [commesse] [0.1-8080-exec-8] org.hibernate.SQL                        : 
    select
        a1_0.codice_attivita,
        a1_0.codice_commessa,
        a1_0.codice_macroattivita,
        a1_0.descrizione,
        a1_0.numero_gg_u_lavorati_alla_data 
    from
        attivita a1_0
Hibernate: 
    select
        a1_0.codice_attivita,
        a1_0.codice_commessa,
        a1_0.codice_macroattivita,
        a1_0.descrizione,
        a1_0.numero_gg_u_lavorati_alla_data 
    from
        attivita a1_0
2025-12-08T22:09:26.773+01:00 DEBUG 19584 --- [commesse] [0.1-8080-exec-3] o.s.web.servlet.DispatcherServlet        : Completed 200 OK
2025-12-08T22:09:26.781+01:00 DEBUG 19584 --- [commesse] [0.1-8080-exec-9] o.s.web.servlet.DispatcherServlet        : GET "/commesse-0.0.1-SNAPSHOT/api/TabTransCod/getAllRuoli", parameters={}
2025-12-08T22:09:26.783+01:00 DEBUG 19584 --- [commesse] [0.1-8080-exec-9] s.w.s.m.m.a.RequestMappingHandlerMapping : Mapped to com.gestione.commesse.controller.TabTransCodController#getAllRuoli()
2025-12-08T22:09:26.785+01:00 DEBUG 19584 --- [commesse] [0.1-8080-exec-5] o.s.web.servlet.DispatcherServlet        : Failed to complete request: org.springframework.dao.DataIntegrityViolationException: Could not extract column [9] from JDBC ResultSet [Unsupported conversion from LONG to java.sql.Timestamp] [n/a]; SQL [n/a]
2025-12-08T22:09:26.785+01:00  INFO 19584 --- [commesse] [0.1-8080-exec-9] c.g.c.controller.UtenzeController        : com.gestione.commesse.controller.TabTransCodController : getAllRuoli
2025-12-08T22:09:26.786+01:00 DEBUG 19584 --- [commesse] [0.1-8080-exec-7] o.s.web.servlet.DispatcherServlet        : Failed to complete request: org.springframework.dao.InvalidDataAccessResourceUsageException: JDBC exception executing SQL [select c1_0.codice_fiscale,c1_0.data_inserimento,c1_0.idtipopagatore,c1_0.idtiporapporto,c1_0.indirizzo_email_azienda,c1_0.iscritti_albo,c1_0.note,c1_0.partita_iva,c1_0.rag_sociale,c1_0.recapito_pec,c1_0.recapito_telefonico_azienda,c1_0.tipo_soggetto from clienti c1_0 where c1_0.tipo_soggetto=?] [Table 'gestione_commesse.clienti' doesn't exist] [n/a]; SQL [n/a]
2025-12-08T22:09:26.787+01:00 DEBUG 19584 --- [commesse] [0.1-8080-exec-4] o.s.web.servlet.DispatcherServlet        : Failed to complete request: org.springframework.dao.DataIntegrityViolationException: Could not extract column [9] from JDBC ResultSet [Unsupported conversion from LONG to java.sql.Timestamp] [n/a]; SQL [n/a]
2025-12-08T22:09:26.787+01:00 DEBUG 19584 --- [commesse] [0.1-8080-exec-2] o.s.web.servlet.DispatcherServlet        : Failed to complete request: org.springframework.dao.DataIntegrityViolationException: Could not extract column [9] from JDBC ResultSet [Unsupported conversion from LONG to java.sql.Timestamp] [n/a]; SQL [n/a]
2025-12-08T22:09:26.793+01:00 DEBUG 19584 --- [commesse] [0.1-8080-exec-9] org.hibernate.SQL                        : 
    select
        r1_0.idruoli,
        r1_0.ruoli_descr 
    from
        ruoli r1_0
Hibernate: 
    select
        r1_0.idruoli,
        r1_0.ruoli_descr 
    from
        ruoli r1_0
2025-12-08T22:09:26.805+01:00 DEBUG 19584 --- [commesse] [0.1-8080-exec-8] o.s.w.s.m.m.a.HttpEntityMethodProcessor  : Using 'application/json', given [application/json, text/plain, */*] and supported [application/json, application/*+json]
2025-12-08T22:09:26.806+01:00 DEBUG 19584 --- [commesse] [0.1-8080-exec-8] o.s.w.s.m.m.a.HttpEntityMethodProcessor  : Writing [[com.gestione.commesse.entities.Attivita@15061619, com.gestione.commesse.entities.Attivita@6c7dab2,  (truncated)...]
2025-12-08T22:09:26.809+01:00 DEBUG 19584 --- [commesse] [0.1-8080-exec-9] o.s.w.s.m.m.a.HttpEntityMethodProcessor  : Using 'application/json', given [application/json, text/plain, */*] and supported [application/json, application/*+json]
2025-12-08T22:09:26.809+01:00 DEBUG 19584 --- [commesse] [0.1-8080-exec-9] o.s.w.s.m.m.a.HttpEntityMethodProcessor  : Writing [[com.gestione.commesse.entities.Ruoli@a603169, com.gestione.commesse.entities.Ruoli@1dae54b2, com.ge (truncated)...]
2025-12-08T22:09:26.787+01:00 ERROR 19584 --- [commesse] [0.1-8080-exec-4] o.s.b.w.servlet.support.ErrorPageFilter  : Forwarding to error page from request [/api/anagrafica/getRuolo] due to exception [Could not extract column [9] from JDBC ResultSet [Unsupported conversion from LONG to java.sql.Timestamp] [n/a]; SQL [n/a]]

org.springframework.dao.DataIntegrityViolationException: Could not extract column [9] from JDBC ResultSet [Unsupported conversion from LONG to java.sql.Timestamp] [n/a]; SQL [n/a]
	at org.springframework.orm.jpa.vendor.HibernateJpaDialect.convertHibernateAccessException(HibernateJpaDialect.java:293) ~[spring-orm-6.2.5.jar:6.2.5]
	at org.springframework.orm.jpa.vendor.HibernateJpaDialect.translateExceptionIfPossible(HibernateJpaDialect.java:241) ~[spring-orm-6.2.5.jar:6.2.5]
	at org.springframework.orm.jpa.AbstractEntityManagerFactoryBean.translateExceptionIfPossible(AbstractEntityManagerFactoryBean.java:560) ~[spring-orm-6.2.5.jar:6.2.5]
	at org.springframework.dao.support.ChainedPersistenceExceptionTranslator.translateExceptionIfPossible(ChainedPersistenceExceptionTranslator.java:61) ~[spring-tx-6.2.5.jar:6.2.5]
	at org.springframework.dao.support.DataAccessUtils.translateIfNecessary(DataAccessUtils.java:343) ~[spring-tx-6.2.5.jar:6.2.5]
	at org.springframework.dao.support.PersistenceExceptionTranslationInterceptor.invoke(PersistenceExceptionTranslationInterceptor.java:160) ~[spring-tx-6.2.5.jar:6.2.5]
	at org.springframework.aop.framework.ReflectiveMethodInvocation.proceed(ReflectiveMethodInvocation.java:184) ~[spring-aop-6.2.5.jar:6.2.5]
	at org.springframework.data.jpa.repository.support.CrudMethodMetadataPostProcessor$CrudMethodMetadataPopulatingMethodInterceptor.invoke(CrudMethodMetadataPostProcessor.java:136) ~[spring-data-jpa-3.4.4.jar:3.4.4]
	at org.springframework.aop.framework.ReflectiveMethodInvocation.proceed(ReflectiveMethodInvocation.java:184) ~[spring-aop-6.2.5.jar:6.2.5]
	at org.springframework.aop.framework.JdkDynamicAopProxy.invoke(JdkDynamicAopProxy.java:223) ~[spring-aop-6.2.5.jar:6.2.5]
	at jdk.proxy3/jdk.proxy3.$Proxy120.findCommerciale(Unknown Source) ~[na:na]
	at com.gestione.commesse.services.implementation.AnagraficaDipImplementation.getRuolo(AnagraficaDipImplementation.java:50) ~[classes/:0.0.1-SNAPSHOT]
	at com.gestione.commesse.controller.AnagraficaDipendenteController.getRuolo(AnagraficaDipendenteController.java:99) ~[classes/:0.0.1-SNAPSHOT]
	at java.base/jdk.internal.reflect.DirectMethodHandleAccessor.invoke(DirectMethodHandleAccessor.java:103) ~[na:na]
	at java.base/java.lang.reflect.Method.invoke(Method.java:580) ~[na:na]
	at org.springframework.web.method.support.InvocableHandlerMethod.doInvoke(InvocableHandlerMethod.java:258) ~[spring-web-6.2.5.jar:6.2.5]
	at org.springframework.web.method.support.InvocableHandlerMethod.invokeForRequest(InvocableHandlerMethod.java:191) ~[spring-web-6.2.5.jar:6.2.5]
	at org.springframework.web.servlet.mvc.method.annotation.ServletInvocableHandlerMethod.invokeAndHandle(ServletInvocableHandlerMethod.java:118) ~[spring-webmvc-6.2.5.jar:6.2.5]
	at org.springframework.web.servlet.mvc.method.annotation.RequestMappingHandlerAdapter.invokeHandlerMethod(RequestMappingHandlerAdapter.java:986) ~[spring-webmvc-6.2.5.jar:6.2.5]
	at org.springframework.web.servlet.mvc.method.annotation.RequestMappingHandlerAdapter.handleInternal(RequestMappingHandlerAdapter.java:891) ~[spring-webmvc-6.2.5.jar:6.2.5]
	at org.springframework.web.servlet.mvc.method.AbstractHandlerMethodAdapter.handle(AbstractHandlerMethodAdapter.java:87) ~[spring-webmvc-6.2.5.jar:6.2.5]
	at org.springframework.web.servlet.DispatcherServlet.doDispatch(DispatcherServlet.java:1089) ~[spring-webmvc-6.2.5.jar:6.2.5]
	at org.springframework.web.servlet.DispatcherServlet.doService(DispatcherServlet.java:979) ~[spring-webmvc-6.2.5.jar:6.2.5]
	at org.springframework.web.servlet.FrameworkServlet.processRequest(FrameworkServlet.java:1014) ~[spring-webmvc-6.2.5.jar:6.2.5]
	at org.springframework.web.servlet.FrameworkServlet.doGet(FrameworkServlet.java:903) ~[spring-webmvc-6.2.5.jar:6.2.5]
	at jakarta.servlet.http.HttpServlet.service(HttpServlet.java:564) ~[servlet-api.jar:6.0]
	at org.springframework.web.servlet.FrameworkServlet.service(FrameworkServlet.java:885) ~[spring-webmvc-6.2.5.jar:6.2.5]
	at jakarta.servlet.http.HttpServlet.service(HttpServlet.java:658) ~[servlet-api.jar:6.0]
	at org.apache.catalina.core.ApplicationFilterChain.internalDoFilter(ApplicationFilterChain.java:206) ~[catalina.jar:10.1.20]
	at org.apache.catalina.core.ApplicationFilterChain.doFilter(ApplicationFilterChain.java:150) ~[catalina.jar:10.1.20]
	at org.apache.tomcat.websocket.server.WsFilter.doFilter(WsFilter.java:51) ~[tomcat-websocket.jar:10.1.20]
	at org.apache.catalina.core.ApplicationFilterChain.internalDoFilter(ApplicationFilterChain.java:175) ~[catalina.jar:10.1.20]
	at org.apache.catalina.core.ApplicationFilterChain.doFilter(ApplicationFilterChain.java:150) ~[catalina.jar:10.1.20]
	at org.springframework.web.filter.RequestContextFilter.doFilterInternal(RequestContextFilter.java:100) ~[spring-web-6.2.5.jar:6.2.5]
	at org.springframework.web.filter.OncePerRequestFilter.doFilter(OncePerRequestFilter.java:116) ~[spring-web-6.2.5.jar:6.2.5]
	at org.apache.catalina.core.ApplicationFilterChain.internalDoFilter(ApplicationFilterChain.java:175) ~[catalina.jar:10.1.20]
	at org.apache.catalina.core.ApplicationFilterChain.doFilter(ApplicationFilterChain.java:150) ~[catalina.jar:10.1.20]
	at org.springframework.web.filter.FormContentFilter.doFilterInternal(FormContentFilter.java:93) ~[spring-web-6.2.5.jar:6.2.5]
	at org.springframework.web.filter.OncePerRequestFilter.doFilter(OncePerRequestFilter.java:116) ~[spring-web-6.2.5.jar:6.2.5]
	at org.apache.catalina.core.ApplicationFilterChain.internalDoFilter(ApplicationFilterChain.java:175) ~[catalina.jar:10.1.20]
	at org.apache.catalina.core.ApplicationFilterChain.doFilter(ApplicationFilterChain.java:150) ~[catalina.jar:10.1.20]
	at org.springframework.boot.web.servlet.support.ErrorPageFilter.doFilter(ErrorPageFilter.java:124) ~[spring-boot-3.4.4.jar:3.4.4]
	at org.springframework.boot.web.servlet.support.ErrorPageFilter$1.doFilterInternal(ErrorPageFilter.java:99) ~[spring-boot-3.4.4.jar:3.4.4]
	at org.springframework.web.filter.OncePerRequestFilter.doFilter(OncePerRequestFilter.java:116) ~[spring-web-6.2.5.jar:6.2.5]
	at org.springframework.boot.web.servlet.support.ErrorPageFilter.doFilter(ErrorPageFilter.java:117) ~[spring-boot-3.4.4.jar:3.4.4]
	at org.apache.catalina.core.ApplicationFilterChain.internalDoFilter(ApplicationFilterChain.java:175) ~[catalina.jar:10.1.20]
	at org.apache.catalina.core.ApplicationFilterChain.doFilter(ApplicationFilterChain.java:150) ~[catalina.jar:10.1.20]
	at org.springframework.web.filter.CharacterEncodingFilter.doFilterInternal(CharacterEncodingFilter.java:201) ~[spring-web-6.2.5.jar:6.2.5]
	at org.springframework.web.filter.OncePerRequestFilter.doFilter(OncePerRequestFilter.java:116) ~[spring-web-6.2.5.jar:6.2.5]
	at org.apache.catalina.core.ApplicationFilterChain.internalDoFilter(ApplicationFilterChain.java:175) ~[catalina.jar:10.1.20]
	at org.apache.catalina.core.ApplicationFilterChain.doFilter(ApplicationFilterChain.java:150) ~[catalina.jar:10.1.20]
	at org.apache.catalina.core.StandardWrapperValve.invoke(StandardWrapperValve.java:167) ~[catalina.jar:10.1.20]
	at org.apache.catalina.core.StandardContextValve.invoke(StandardContextValve.java:90) ~[catalina.jar:10.1.20]
	at org.apache.catalina.authenticator.AuthenticatorBase.invoke(AuthenticatorBase.java:482) ~[catalina.jar:10.1.20]
	at org.apache.catalina.core.StandardHostValve.invoke(StandardHostValve.java:115) ~[catalina.jar:10.1.20]
	at org.apache.catalina.valves.ErrorReportValve.invoke(ErrorReportValve.java:93) ~[catalina.jar:10.1.20]
	at org.apache.catalina.valves.AbstractAccessLogValve.invoke(AbstractAccessLogValve.java:673) ~[catalina.jar:10.1.20]
	at org.apache.catalina.core.StandardEngineValve.invoke(StandardEngineValve.java:74) ~[catalina.jar:10.1.20]
	at org.apache.catalina.connector.CoyoteAdapter.service(CoyoteAdapter.java:344) ~[catalina.jar:10.1.20]
	at org.apache.coyote.http11.Http11Processor.service(Http11Processor.java:391) ~[tomcat-coyote.jar:10.1.20]
	at org.apache.coyote.AbstractProcessorLight.process(AbstractProcessorLight.java:63) ~[tomcat-coyote.jar:10.1.20]
	at org.apache.coyote.AbstractProtocol$ConnectionHandler.process(AbstractProtocol.java:896) ~[tomcat-coyote.jar:10.1.20]
	at org.apache.tomcat.util.net.NioEndpoint$SocketProcessor.doRun(NioEndpoint.java:1736) ~[tomcat-coyote.jar:10.1.20]
	at org.apache.tomcat.util.net.SocketProcessorBase.run(SocketProcessorBase.java:52) ~[tomcat-coyote.jar:10.1.20]
	at org.apache.tomcat.util.threads.ThreadPoolExecutor.runWorker(ThreadPoolExecutor.java:1191) ~[tomcat-util.jar:10.1.20]
	at org.apache.tomcat.util.threads.ThreadPoolExecutor$Worker.run(ThreadPoolExecutor.java:659) ~[tomcat-util.jar:10.1.20]
	at org.apache.tomcat.util.threads.TaskThread$WrappingRunnable.run(TaskThread.java:63) ~[tomcat-util.jar:10.1.20]
	at java.base/java.lang.Thread.run(Thread.java:1583) ~[na:na]
Caused by: org.hibernate.exception.DataException: Could not extract column [9] from JDBC ResultSet [Unsupported conversion from LONG to java.sql.Timestamp] [n/a]
	at org.hibernate.exception.internal.SQLExceptionTypeDelegate.convert(SQLExceptionTypeDelegate.java:55) ~[hibernate-core-6.6.11.Final.jar:6.6.11.Final]
	at org.hibernate.exception.internal.StandardSQLExceptionConverter.convert(StandardSQLExceptionConverter.java:58) ~[hibernate-core-6.6.11.Final.jar:6.6.11.Final]
	at org.hibernate.engine.jdbc.spi.SqlExceptionHelper.convert(SqlExceptionHelper.java:108) ~[hibernate-core-6.6.11.Final.jar:6.6.11.Final]
	at org.hibernate.engine.jdbc.spi.SqlExceptionHelper.convert(SqlExceptionHelper.java:94) ~[hibernate-core-6.6.11.Final.jar:6.6.11.Final]
	at org.hibernate.sql.results.jdbc.internal.JdbcValuesResultSetImpl.getCurrentRowValue(JdbcValuesResultSetImpl.java:395) ~[hibernate-core-6.6.11.Final.jar:6.6.11.Final]
	at org.hibernate.sql.results.internal.RowProcessingStateStandardImpl.getJdbcValue(RowProcessingStateStandardImpl.java:152) ~[hibernate-core-6.6.11.Final.jar:6.6.11.Final]
	at org.hibernate.sql.results.graph.basic.BasicResultAssembler.extractRawValue(BasicResultAssembler.java:54) ~[hibernate-core-6.6.11.Final.jar:6.6.11.Final]
	at org.hibernate.sql.results.graph.basic.BasicResultAssembler.assemble(BasicResultAssembler.java:60) ~[hibernate-core-6.6.11.Final.jar:6.6.11.Final]
	at org.hibernate.sql.results.graph.entity.internal.EntityInitializerImpl.extractConcreteTypeStateValues(EntityInitializerImpl.java:1607) ~[hibernate-core-6.6.11.Final.jar:6.6.11.Final]
	at org.hibernate.sql.results.graph.entity.internal.EntityInitializerImpl.initializeEntityInstance(EntityInitializerImpl.java:1333) ~[hibernate-core-6.6.11.Final.jar:6.6.11.Final]
	at org.hibernate.sql.results.graph.entity.internal.EntityInitializerImpl.initializeInstance(EntityInitializerImpl.java:1312) ~[hibernate-core-6.6.11.Final.jar:6.6.11.Final]
	at org.hibernate.sql.results.graph.entity.internal.EntityInitializerImpl.initializeInstance(EntityInitializerImpl.java:97) ~[hibernate-core-6.6.11.Final.jar:6.6.11.Final]
	at org.hibernate.sql.results.internal.StandardRowReader.coordinateInitializers(StandardRowReader.java:244) ~[hibernate-core-6.6.11.Final.jar:6.6.11.Final]
	at org.hibernate.sql.results.internal.StandardRowReader.readRow(StandardRowReader.java:141) ~[hibernate-core-6.6.11.Final.jar:6.6.11.Final]
	at org.hibernate.sql.results.spi.ListResultsConsumer.read(ListResultsConsumer.java:249) ~[hibernate-core-6.6.11.Final.jar:6.6.11.Final]
	at org.hibernate.sql.results.spi.ListResultsConsumer.consume(ListResultsConsumer.java:201) ~[hibernate-core-6.6.11.Final.jar:6.6.11.Final]
	at org.hibernate.sql.results.spi.ListResultsConsumer.consume(ListResultsConsumer.java:35) ~[hibernate-core-6.6.11.Final.jar:6.6.11.Final]
	at org.hibernate.sql.exec.internal.JdbcSelectExecutorStandardImpl.doExecuteQuery(JdbcSelectExecutorStandardImpl.java:224) ~[hibernate-core-6.6.11.Final.jar:6.6.11.Final]
	at org.hibernate.sql.exec.internal.JdbcSelectExecutorStandardImpl.executeQuery(JdbcSelectExecutorStandardImpl.java:102) ~[hibernate-core-6.6.11.Final.jar:6.6.11.Final]
	at org.hibernate.sql.exec.spi.JdbcSelectExecutor.executeQuery(JdbcSelectExecutor.java:91) ~[hibernate-core-6.6.11.Final.jar:6.6.11.Final]
	at org.hibernate.sql.exec.spi.JdbcSelectExecutor.list(JdbcSelectExecutor.java:165) ~[hibernate-core-6.6.11.Final.jar:6.6.11.Final]
	at org.hibernate.query.sqm.internal.ConcreteSqmSelectQueryPlan.lambda$new$1(ConcreteSqmSelectQueryPlan.java:152) ~[hibernate-core-6.6.11.Final.jar:6.6.11.Final]
	at org.hibernate.query.sqm.internal.ConcreteSqmSelectQueryPlan.withCacheableSqmInterpretation(ConcreteSqmSelectQueryPlan.java:442) ~[hibernate-core-6.6.11.Final.jar:6.6.11.Final]
	at org.hibernate.query.sqm.internal.ConcreteSqmSelectQueryPlan.performList(ConcreteSqmSelectQueryPlan.java:362) ~[hibernate-core-6.6.11.Final.jar:6.6.11.Final]
	at org.hibernate.query.sqm.internal.QuerySqmImpl.doList(QuerySqmImpl.java:380) ~[hibernate-core-6.6.11.Final.jar:6.6.11.Final]
	at org.hibernate.query.spi.AbstractSelectionQuery.list(AbstractSelectionQuery.java:143) ~[hibernate-core-6.6.11.Final.jar:6.6.11.Final]
	at org.hibernate.query.Query.getResultList(Query.java:120) ~[hibernate-core-6.6.11.Final.jar:6.6.11.Final]
	at org.springframework.data.jpa.repository.query.JpaQueryExecution$CollectionExecution.doExecute(JpaQueryExecution.java:130) ~[spring-data-jpa-3.4.4.jar:3.4.4]
	at org.springframework.data.jpa.repository.query.JpaQueryExecution.execute(JpaQueryExecution.java:93) ~[spring-data-jpa-3.4.4.jar:3.4.4]
	at org.springframework.data.jpa.repository.query.AbstractJpaQuery.doExecute(AbstractJpaQuery.java:152) ~[spring-data-jpa-3.4.4.jar:3.4.4]
	at org.springframework.data.jpa.repository.query.AbstractJpaQuery.execute(AbstractJpaQuery.java:140) ~[spring-data-jpa-3.4.4.jar:3.4.4]
	at org.springframework.data.repository.core.support.RepositoryMethodInvoker.doInvoke(RepositoryMethodInvoker.java:170) ~[spring-data-commons-3.4.4.jar:3.4.4]
	at org.springframework.data.repository.core.support.RepositoryMethodInvoker.invoke(RepositoryMethodInvoker.java:158) ~[spring-data-commons-3.4.4.jar:3.4.4]
	at org.springframework.data.repository.core.support.QueryExecutorMethodInterceptor.doInvoke(QueryExecutorMethodInterceptor.java:170) ~[spring-data-commons-3.4.4.jar:3.4.4]
	at org.springframework.data.repository.core.support.QueryExecutorMethodInterceptor.invoke(QueryExecutorMethodInterceptor.java:149) ~[spring-data-commons-3.4.4.jar:3.4.4]
	at org.springframework.aop.framework.ReflectiveMethodInvocation.proceed(ReflectiveMethodInvocation.java:184) ~[spring-aop-6.2.5.jar:6.2.5]
	at org.springframework.data.projection.DefaultMethodInvokingMethodInterceptor.invoke(DefaultMethodInvokingMethodInterceptor.java:69) ~[spring-data-commons-3.4.4.jar:3.4.4]
	at org.springframework.aop.framework.ReflectiveMethodInvocation.proceed(ReflectiveMethodInvocation.java:184) ~[spring-aop-6.2.5.jar:6.2.5]
	at org.springframework.transaction.interceptor.TransactionAspectSupport.invokeWithinTransaction(TransactionAspectSupport.java:380) ~[spring-tx-6.2.5.jar:6.2.5]
	at org.springframework.transaction.interceptor.TransactionInterceptor.invoke(TransactionInterceptor.java:119) ~[spring-tx-6.2.5.jar:6.2.5]
	at org.springframework.aop.framework.ReflectiveMethodInvocation.proceed(ReflectiveMethodInvocation.java:184) ~[spring-aop-6.2.5.jar:6.2.5]
	at org.springframework.dao.support.PersistenceExceptionTranslationInterceptor.invoke(PersistenceExceptionTranslationInterceptor.java:138) ~[spring-tx-6.2.5.jar:6.2.5]
	... 62 common frames omitted
Caused by: java.sql.SQLDataException: Unsupported conversion from LONG to java.sql.Timestamp
	at com.mysql.cj.jdbc.exceptions.SQLError.createSQLException(SQLError.java:114) ~[mysql-connector-java-8.0.28.jar:8.0.28]
	at com.mysql.cj.jdbc.exceptions.SQLError.createSQLException(SQLError.java:97) ~[mysql-connector-java-8.0.28.jar:8.0.28]
	at com.mysql.cj.jdbc.exceptions.SQLError.createSQLException(SQLError.java:89) ~[mysql-connector-java-8.0.28.jar:8.0.28]
	at com.mysql.cj.jdbc.exceptions.SQLError.createSQLException(SQLError.java:63) ~[mysql-connector-java-8.0.28.jar:8.0.28]
	at com.mysql.cj.jdbc.exceptions.SQLError.createSQLException(SQLError.java:73) ~[mysql-connector-java-8.0.28.jar:8.0.28]
	at com.mysql.cj.jdbc.exceptions.SQLExceptionsMapping.translateException(SQLExceptionsMapping.java:96) ~[mysql-connector-java-8.0.28.jar:8.0.28]
	at com.mysql.cj.jdbc.result.ResultSetImpl.getTimestamp(ResultSetImpl.java:947) ~[mysql-connector-java-8.0.28.jar:8.0.28]
	at com.zaxxer.hikari.pool.HikariProxyResultSet.getTimestamp(HikariProxyResultSet.java) ~[HikariCP-5.1.0.jar:na]
	at org.hibernate.type.descriptor.jdbc.TimestampJdbcType$2.doExtract(TimestampJdbcType.java:111) ~[hibernate-core-6.6.11.Final.jar:6.6.11.Final]
	at org.hibernate.type.descriptor.jdbc.BasicExtractor.extract(BasicExtractor.java:44) ~[hibernate-core-6.6.11.Final.jar:6.6.11.Final]
	at org.hibernate.sql.results.jdbc.internal.JdbcValuesResultSetImpl.getCurrentRowValue(JdbcValuesResultSetImpl.java:387) ~[hibernate-core-6.6.11.Final.jar:6.6.11.Final]
	... 99 common frames omitted
Caused by: com.mysql.cj.exceptions.DataConversionException: Unsupported conversion from LONG to java.sql.Timestamp
	at com.mysql.cj.result.DefaultValueFactory.unsupported(DefaultValueFactory.java:70) ~[mysql-connector-java-8.0.28.jar:8.0.28]
	at com.mysql.cj.result.DefaultValueFactory.createFromLong(DefaultValueFactory.java:91) ~[mysql-connector-java-8.0.28.jar:8.0.28]
	at com.mysql.cj.result.AbstractDateTimeValueFactory.createFromBytes(AbstractDateTimeValueFactory.java:124) ~[mysql-connector-java-8.0.28.jar:8.0.28]
	at com.mysql.cj.protocol.a.MysqlTextValueDecoder.decodeByteArray(MysqlTextValueDecoder.java:143) ~[mysql-connector-java-8.0.28.jar:8.0.28]
	at com.mysql.cj.protocol.result.AbstractResultsetRow.decodeAndCreateReturnValue(AbstractResultsetRow.java:135) ~[mysql-connector-java-8.0.28.jar:8.0.28]
	at com.mysql.cj.protocol.result.AbstractResultsetRow.getValueFromBytes(AbstractResultsetRow.java:243) ~[mysql-connector-java-8.0.28.jar:8.0.28]
	at com.mysql.cj.protocol.a.result.ByteArrayRow.getValue(ByteArrayRow.java:91) ~[mysql-connector-java-8.0.28.jar:8.0.28]
	... 104 common frames omitted

2025-12-08T22:09:26.787+01:00 ERROR 19584 --- [commesse] [0.1-8080-exec-5] o.s.b.w.servlet.support.ErrorPageFilter  : Forwarding to error page from request [/api/anagrafica/getRuolo] due to exception [Could not extract column [9] from JDBC ResultSet [Unsupported conversion from LONG to java.sql.Timestamp] [n/a]; SQL [n/a]]

org.springframework.dao.DataIntegrityViolationException: Could not extract column [9] from JDBC ResultSet [Unsupported conversion from LONG to java.sql.Timestamp] [n/a]; SQL [n/a]
	at org.springframework.orm.jpa.vendor.HibernateJpaDialect.convertHibernateAccessException(HibernateJpaDialect.java:293) ~[spring-orm-6.2.5.jar:6.2.5]
	at org.springframework.orm.jpa.vendor.HibernateJpaDialect.translateExceptionIfPossible(HibernateJpaDialect.java:241) ~[spring-orm-6.2.5.jar:6.2.5]
	at org.springframework.orm.jpa.AbstractEntityManagerFactoryBean.translateExceptionIfPossible(AbstractEntityManagerFactoryBean.java:560) ~[spring-orm-6.2.5.jar:6.2.5]
	at org.springframework.dao.support.ChainedPersistenceExceptionTranslator.translateExceptionIfPossible(ChainedPersistenceExceptionTranslator.java:61) ~[spring-tx-6.2.5.jar:6.2.5]
	at org.springframework.dao.support.DataAccessUtils.translateIfNecessary(DataAccessUtils.java:343) ~[spring-tx-6.2.5.jar:6.2.5]
	at org.springframework.dao.support.PersistenceExceptionTranslationInterceptor.invoke(PersistenceExceptionTranslationInterceptor.java:160) ~[spring-tx-6.2.5.jar:6.2.5]
	at org.springframework.aop.framework.ReflectiveMethodInvocation.proceed(ReflectiveMethodInvocation.java:184) ~[spring-aop-6.2.5.jar:6.2.5]
	at org.springframework.data.jpa.repository.support.CrudMethodMetadataPostProcessor$CrudMethodMetadataPopulatingMethodInterceptor.invoke(CrudMethodMetadataPostProcessor.java:136) ~[spring-data-jpa-3.4.4.jar:3.4.4]
	at org.springframework.aop.framework.ReflectiveMethodInvocation.proceed(ReflectiveMethodInvocation.java:184) ~[spring-aop-6.2.5.jar:6.2.5]
	at org.springframework.aop.framework.JdkDynamicAopProxy.invoke(JdkDynamicAopProxy.java:223) ~[spring-aop-6.2.5.jar:6.2.5]
	at jdk.proxy3/jdk.proxy3.$Proxy120.findPm(Unknown Source) ~[na:na]
	at com.gestione.commesse.services.implementation.AnagraficaDipImplementation.getRuolo(AnagraficaDipImplementation.java:51) ~[classes/:0.0.1-SNAPSHOT]
	at com.gestione.commesse.controller.AnagraficaDipendenteController.getRuolo(AnagraficaDipendenteController.java:99) ~[classes/:0.0.1-SNAPSHOT]
	at java.base/jdk.internal.reflect.DirectMethodHandleAccessor.invoke(DirectMethodHandleAccessor.java:103) ~[na:na]
	at java.base/java.lang.reflect.Method.invoke(Method.java:580) ~[na:na]
	at org.springframework.web.method.support.InvocableHandlerMethod.doInvoke(InvocableHandlerMethod.java:258) ~[spring-web-6.2.5.jar:6.2.5]
	at org.springframework.web.method.support.InvocableHandlerMethod.invokeForRequest(InvocableHandlerMethod.java:191) ~[spring-web-6.2.5.jar:6.2.5]
	at org.springframework.web.servlet.mvc.method.annotation.ServletInvocableHandlerMethod.invokeAndHandle(ServletInvocableHandlerMethod.java:118) ~[spring-webmvc-6.2.5.jar:6.2.5]
	at org.springframework.web.servlet.mvc.method.annotation.RequestMappingHandlerAdapter.invokeHandlerMethod(RequestMappingHandlerAdapter.java:986) ~[spring-webmvc-6.2.5.jar:6.2.5]
	at org.springframework.web.servlet.mvc.method.annotation.RequestMappingHandlerAdapter.handleInternal(RequestMappingHandlerAdapter.java:891) ~[spring-webmvc-6.2.5.jar:6.2.5]
	at org.springframework.web.servlet.mvc.method.AbstractHandlerMethodAdapter.handle(AbstractHandlerMethodAdapter.java:87) ~[spring-webmvc-6.2.5.jar:6.2.5]
	at org.springframework.web.servlet.DispatcherServlet.doDispatch(DispatcherServlet.java:1089) ~[spring-webmvc-6.2.5.jar:6.2.5]
	at org.springframework.web.servlet.DispatcherServlet.doService(DispatcherServlet.java:979) ~[spring-webmvc-6.2.5.jar:6.2.5]
	at org.springframework.web.servlet.FrameworkServlet.processRequest(FrameworkServlet.java:1014) ~[spring-webmvc-6.2.5.jar:6.2.5]
	at org.springframework.web.servlet.FrameworkServlet.doGet(FrameworkServlet.java:903) ~[spring-webmvc-6.2.5.jar:6.2.5]
	at jakarta.servlet.http.HttpServlet.service(HttpServlet.java:564) ~[servlet-api.jar:6.0]
	at org.springframework.web.servlet.FrameworkServlet.service(FrameworkServlet.java:885) ~[spring-webmvc-6.2.5.jar:6.2.5]
	at jakarta.servlet.http.HttpServlet.service(HttpServlet.java:658) ~[servlet-api.jar:6.0]
	at org.apache.catalina.core.ApplicationFilterChain.internalDoFilter(ApplicationFilterChain.java:206) ~[catalina.jar:10.1.20]
	at org.apache.catalina.core.ApplicationFilterChain.doFilter(ApplicationFilterChain.java:150) ~[catalina.jar:10.1.20]
	at org.apache.tomcat.websocket.server.WsFilter.doFilter(WsFilter.java:51) ~[tomcat-websocket.jar:10.1.20]
	at org.apache.catalina.core.ApplicationFilterChain.internalDoFilter(ApplicationFilterChain.java:175) ~[catalina.jar:10.1.20]
	at org.apache.catalina.core.ApplicationFilterChain.doFilter(ApplicationFilterChain.java:150) ~[catalina.jar:10.1.20]
	at org.springframework.web.filter.RequestContextFilter.doFilterInternal(RequestContextFilter.java:100) ~[spring-web-6.2.5.jar:6.2.5]
	at org.springframework.web.filter.OncePerRequestFilter.doFilter(OncePerRequestFilter.java:116) ~[spring-web-6.2.5.jar:6.2.5]
	at org.apache.catalina.core.ApplicationFilterChain.internalDoFilter(ApplicationFilterChain.java:175) ~[catalina.jar:10.1.20]
	at org.apache.catalina.core.ApplicationFilterChain.doFilter(ApplicationFilterChain.java:150) ~[catalina.jar:10.1.20]
	at org.springframework.web.filter.FormContentFilter.doFilterInternal(FormContentFilter.java:93) ~[spring-web-6.2.5.jar:6.2.5]
	at org.springframework.web.filter.OncePerRequestFilter.doFilter(OncePerRequestFilter.java:116) ~[spring-web-6.2.5.jar:6.2.5]
	at org.apache.catalina.core.ApplicationFilterChain.internalDoFilter(ApplicationFilterChain.java:175) ~[catalina.jar:10.1.20]
	at org.apache.catalina.core.ApplicationFilterChain.doFilter(ApplicationFilterChain.java:150) ~[catalina.jar:10.1.20]
	at org.springframework.boot.web.servlet.support.ErrorPageFilter.doFilter(ErrorPageFilter.java:124) ~[spring-boot-3.4.4.jar:3.4.4]
	at org.springframework.boot.web.servlet.support.ErrorPageFilter$1.doFilterInternal(ErrorPageFilter.java:99) ~[spring-boot-3.4.4.jar:3.4.4]
	at org.springframework.web.filter.OncePerRequestFilter.doFilter(OncePerRequestFilter.java:116) ~[spring-web-6.2.5.jar:6.2.5]
	at org.springframework.boot.web.servlet.support.ErrorPageFilter.doFilter(ErrorPageFilter.java:117) ~[spring-boot-3.4.4.jar:3.4.4]
	at org.apache.catalina.core.ApplicationFilterChain.internalDoFilter(ApplicationFilterChain.java:175) ~[catalina.jar:10.1.20]
	at org.apache.catalina.core.ApplicationFilterChain.doFilter(ApplicationFilterChain.java:150) ~[catalina.jar:10.1.20]
	at org.springframework.web.filter.CharacterEncodingFilter.doFilterInternal(CharacterEncodingFilter.java:201) ~[spring-web-6.2.5.jar:6.2.5]
	at org.springframework.web.filter.OncePerRequestFilter.doFilter(OncePerRequestFilter.java:116) ~[spring-web-6.2.5.jar:6.2.5]
	at org.apache.catalina.core.ApplicationFilterChain.internalDoFilter(ApplicationFilterChain.java:175) ~[catalina.jar:10.1.20]
	at org.apache.catalina.core.ApplicationFilterChain.doFilter(ApplicationFilterChain.java:150) ~[catalina.jar:10.1.20]
	at org.apache.catalina.core.StandardWrapperValve.invoke(StandardWrapperValve.java:167) ~[catalina.jar:10.1.20]
	at org.apache.catalina.core.StandardContextValve.invoke(StandardContextValve.java:90) ~[catalina.jar:10.1.20]
	at org.apache.catalina.authenticator.AuthenticatorBase.invoke(AuthenticatorBase.java:482) ~[catalina.jar:10.1.20]
	at org.apache.catalina.core.StandardHostValve.invoke(StandardHostValve.java:115) ~[catalina.jar:10.1.20]
	at org.apache.catalina.valves.ErrorReportValve.invoke(ErrorReportValve.java:93) ~[catalina.jar:10.1.20]
	at org.apache.catalina.valves.AbstractAccessLogValve.invoke(AbstractAccessLogValve.java:673) ~[catalina.jar:10.1.20]
	at org.apache.catalina.core.StandardEngineValve.invoke(StandardEngineValve.java:74) ~[catalina.jar:10.1.20]
	at org.apache.catalina.connector.CoyoteAdapter.service(CoyoteAdapter.java:344) ~[catalina.jar:10.1.20]
	at org.apache.coyote.http11.Http11Processor.service(Http11Processor.java:391) ~[tomcat-coyote.jar:10.1.20]
	at org.apache.coyote.AbstractProcessorLight.process(AbstractProcessorLight.java:63) ~[tomcat-coyote.jar:10.1.20]
	at org.apache.coyote.AbstractProtocol$ConnectionHandler.process(AbstractProtocol.java:896) ~[tomcat-coyote.jar:10.1.20]
	at org.apache.tomcat.util.net.NioEndpoint$SocketProcessor.doRun(NioEndpoint.java:1736) ~[tomcat-coyote.jar:10.1.20]
	at org.apache.tomcat.util.net.SocketProcessorBase.run(SocketProcessorBase.java:52) ~[tomcat-coyote.jar:10.1.20]
	at org.apache.tomcat.util.threads.ThreadPoolExecutor.runWorker(ThreadPoolExecutor.java:1191) ~[tomcat-util.jar:10.1.20]
	at org.apache.tomcat.util.threads.ThreadPoolExecutor$Worker.run(ThreadPoolExecutor.java:659) ~[tomcat-util.jar:10.1.20]
	at org.apache.tomcat.util.threads.TaskThread$WrappingRunnable.run(TaskThread.java:63) ~[tomcat-util.jar:10.1.20]
	at java.base/java.lang.Thread.run(Thread.java:1583) ~[na:na]
Caused by: org.hibernate.exception.DataException: Could not extract column [9] from JDBC ResultSet [Unsupported conversion from LONG to java.sql.Timestamp] [n/a]
	at org.hibernate.exception.internal.SQLExceptionTypeDelegate.convert(SQLExceptionTypeDelegate.java:55) ~[hibernate-core-6.6.11.Final.jar:6.6.11.Final]
	at org.hibernate.exception.internal.StandardSQLExceptionConverter.convert(StandardSQLExceptionConverter.java:58) ~[hibernate-core-6.6.11.Final.jar:6.6.11.Final]
	at org.hibernate.engine.jdbc.spi.SqlExceptionHelper.convert(SqlExceptionHelper.java:108) ~[hibernate-core-6.6.11.Final.jar:6.6.11.Final]
	at org.hibernate.engine.jdbc.spi.SqlExceptionHelper.convert(SqlExceptionHelper.java:94) ~[hibernate-core-6.6.11.Final.jar:6.6.11.Final]
	at org.hibernate.sql.results.jdbc.internal.JdbcValuesResultSetImpl.getCurrentRowValue(JdbcValuesResultSetImpl.java:395) ~[hibernate-core-6.6.11.Final.jar:6.6.11.Final]
	at org.hibernate.sql.results.internal.RowProcessingStateStandardImpl.getJdbcValue(RowProcessingStateStandardImpl.java:152) ~[hibernate-core-6.6.11.Final.jar:6.6.11.Final]
	at org.hibernate.sql.results.graph.basic.BasicResultAssembler.extractRawValue(BasicResultAssembler.java:54) ~[hibernate-core-6.6.11.Final.jar:6.6.11.Final]
	at org.hibernate.sql.results.graph.basic.BasicResultAssembler.assemble(BasicResultAssembler.java:60) ~[hibernate-core-6.6.11.Final.jar:6.6.11.Final]
	at org.hibernate.sql.results.graph.entity.internal.EntityInitializerImpl.extractConcreteTypeStateValues(EntityInitializerImpl.java:1607) ~[hibernate-core-6.6.11.Final.jar:6.6.11.Final]
	at org.hibernate.sql.results.graph.entity.internal.EntityInitializerImpl.initializeEntityInstance(EntityInitializerImpl.java:1333) ~[hibernate-core-6.6.11.Final.jar:6.6.11.Final]
	at org.hibernate.sql.results.graph.entity.internal.EntityInitializerImpl.initializeInstance(EntityInitializerImpl.java:1312) ~[hibernate-core-6.6.11.Final.jar:6.6.11.Final]
	at org.hibernate.sql.results.graph.entity.internal.EntityInitializerImpl.initializeInstance(EntityInitializerImpl.java:97) ~[hibernate-core-6.6.11.Final.jar:6.6.11.Final]
	at org.hibernate.sql.results.internal.StandardRowReader.coordinateInitializers(StandardRowReader.java:244) ~[hibernate-core-6.6.11.Final.jar:6.6.11.Final]
	at org.hibernate.sql.results.internal.StandardRowReader.readRow(StandardRowReader.java:141) ~[hibernate-core-6.6.11.Final.jar:6.6.11.Final]
	at org.hibernate.sql.results.spi.ListResultsConsumer.read(ListResultsConsumer.java:249) ~[hibernate-core-6.6.11.Final.jar:6.6.11.Final]
	at org.hibernate.sql.results.spi.ListResultsConsumer.consume(ListResultsConsumer.java:201) ~[hibernate-core-6.6.11.Final.jar:6.6.11.Final]
	at org.hibernate.sql.results.spi.ListResultsConsumer.consume(ListResultsConsumer.java:35) ~[hibernate-core-6.6.11.Final.jar:6.6.11.Final]
	at org.hibernate.sql.exec.internal.JdbcSelectExecutorStandardImpl.doExecuteQuery(JdbcSelectExecutorStandardImpl.java:224) ~[hibernate-core-6.6.11.Final.jar:6.6.11.Final]
	at org.hibernate.sql.exec.internal.JdbcSelectExecutorStandardImpl.executeQuery(JdbcSelectExecutorStandardImpl.java:102) ~[hibernate-core-6.6.11.Final.jar:6.6.11.Final]
	at org.hibernate.sql.exec.spi.JdbcSelectExecutor.executeQuery(JdbcSelectExecutor.java:91) ~[hibernate-core-6.6.11.Final.jar:6.6.11.Final]
	at org.hibernate.sql.exec.spi.JdbcSelectExecutor.list(JdbcSelectExecutor.java:165) ~[hibernate-core-6.6.11.Final.jar:6.6.11.Final]
	at org.hibernate.query.sqm.internal.ConcreteSqmSelectQueryPlan.lambda$new$1(ConcreteSqmSelectQueryPlan.java:152) ~[hibernate-core-6.6.11.Final.jar:6.6.11.Final]
	at org.hibernate.query.sqm.internal.ConcreteSqmSelectQueryPlan.withCacheableSqmInterpretation(ConcreteSqmSelectQueryPlan.java:442) ~[hibernate-core-6.6.11.Final.jar:6.6.11.Final]
	at org.hibernate.query.sqm.internal.ConcreteSqmSelectQueryPlan.performList(ConcreteSqmSelectQueryPlan.java:362) ~[hibernate-core-6.6.11.Final.jar:6.6.11.Final]
	at org.hibernate.query.sqm.internal.QuerySqmImpl.doList(QuerySqmImpl.java:380) ~[hibernate-core-6.6.11.Final.jar:6.6.11.Final]
	at org.hibernate.query.spi.AbstractSelectionQuery.list(AbstractSelectionQuery.java:143) ~[hibernate-core-6.6.11.Final.jar:6.6.11.Final]
	at org.hibernate.query.Query.getResultList(Query.java:120) ~[hibernate-core-6.6.11.Final.jar:6.6.11.Final]
	at org.springframework.data.jpa.repository.query.JpaQueryExecution$CollectionExecution.doExecute(JpaQueryExecution.java:130) ~[spring-data-jpa-3.4.4.jar:3.4.4]
	at org.springframework.data.jpa.repository.query.JpaQueryExecution.execute(JpaQueryExecution.java:93) ~[spring-data-jpa-3.4.4.jar:3.4.4]
	at org.springframework.data.jpa.repository.query.AbstractJpaQuery.doExecute(AbstractJpaQuery.java:152) ~[spring-data-jpa-3.4.4.jar:3.4.4]
	at org.springframework.data.jpa.repository.query.AbstractJpaQuery.execute(AbstractJpaQuery.java:140) ~[spring-data-jpa-3.4.4.jar:3.4.4]
	at org.springframework.data.repository.core.support.RepositoryMethodInvoker.doInvoke(RepositoryMethodInvoker.java:170) ~[spring-data-commons-3.4.4.jar:3.4.4]
	at org.springframework.data.repository.core.support.RepositoryMethodInvoker.invoke(RepositoryMethodInvoker.java:158) ~[spring-data-commons-3.4.4.jar:3.4.4]
	at org.springframework.data.repository.core.support.QueryExecutorMethodInterceptor.doInvoke(QueryExecutorMethodInterceptor.java:170) ~[spring-data-commons-3.4.4.jar:3.4.4]
	at org.springframework.data.repository.core.support.QueryExecutorMethodInterceptor.invoke(QueryExecutorMethodInterceptor.java:149) ~[spring-data-commons-3.4.4.jar:3.4.4]
	at org.springframework.aop.framework.ReflectiveMethodInvocation.proceed(ReflectiveMethodInvocation.java:184) ~[spring-aop-6.2.5.jar:6.2.5]
	at org.springframework.data.projection.DefaultMethodInvokingMethodInterceptor.invoke(DefaultMethodInvokingMethodInterceptor.java:69) ~[spring-data-commons-3.4.4.jar:3.4.4]
	at org.springframework.aop.framework.ReflectiveMethodInvocation.proceed(ReflectiveMethodInvocation.java:184) ~[spring-aop-6.2.5.jar:6.2.5]
	at org.springframework.transaction.interceptor.TransactionAspectSupport.invokeWithinTransaction(TransactionAspectSupport.java:380) ~[spring-tx-6.2.5.jar:6.2.5]
	at org.springframework.transaction.interceptor.TransactionInterceptor.invoke(TransactionInterceptor.java:119) ~[spring-tx-6.2.5.jar:6.2.5]
	at org.springframework.aop.framework.ReflectiveMethodInvocation.proceed(ReflectiveMethodInvocation.java:184) ~[spring-aop-6.2.5.jar:6.2.5]
	at org.springframework.dao.support.PersistenceExceptionTranslationInterceptor.invoke(PersistenceExceptionTranslationInterceptor.java:138) ~[spring-tx-6.2.5.jar:6.2.5]
	... 62 common frames omitted
Caused by: java.sql.SQLDataException: Unsupported conversion from LONG to java.sql.Timestamp
	at com.mysql.cj.jdbc.exceptions.SQLError.createSQLException(SQLError.java:114) ~[mysql-connector-java-8.0.28.jar:8.0.28]
	at com.mysql.cj.jdbc.exceptions.SQLError.createSQLException(SQLError.java:97) ~[mysql-connector-java-8.0.28.jar:8.0.28]
	at com.mysql.cj.jdbc.exceptions.SQLError.createSQLException(SQLError.java:89) ~[mysql-connector-java-8.0.28.jar:8.0.28]
	at com.mysql.cj.jdbc.exceptions.SQLError.createSQLException(SQLError.java:63) ~[mysql-connector-java-8.0.28.jar:8.0.28]
	at com.mysql.cj.jdbc.exceptions.SQLError.createSQLException(SQLError.java:73) ~[mysql-connector-java-8.0.28.jar:8.0.28]
	at com.mysql.cj.jdbc.exceptions.SQLExceptionsMapping.translateException(SQLExceptionsMapping.java:96) ~[mysql-connector-java-8.0.28.jar:8.0.28]
	at com.mysql.cj.jdbc.result.ResultSetImpl.getTimestamp(ResultSetImpl.java:947) ~[mysql-connector-java-8.0.28.jar:8.0.28]
	at com.zaxxer.hikari.pool.HikariProxyResultSet.getTimestamp(HikariProxyResultSet.java) ~[HikariCP-5.1.0.jar:na]
	at org.hibernate.type.descriptor.jdbc.TimestampJdbcType$2.doExtract(TimestampJdbcType.java:111) ~[hibernate-core-6.6.11.Final.jar:6.6.11.Final]
	at org.hibernate.type.descriptor.jdbc.BasicExtractor.extract(BasicExtractor.java:44) ~[hibernate-core-6.6.11.Final.jar:6.6.11.Final]
	at org.hibernate.sql.results.jdbc.internal.JdbcValuesResultSetImpl.getCurrentRowValue(JdbcValuesResultSetImpl.java:387) ~[hibernate-core-6.6.11.Final.jar:6.6.11.Final]
	... 99 common frames omitted
Caused by: com.mysql.cj.exceptions.DataConversionException: Unsupported conversion from LONG to java.sql.Timestamp
	at com.mysql.cj.result.DefaultValueFactory.unsupported(DefaultValueFactory.java:70) ~[mysql-connector-java-8.0.28.jar:8.0.28]
	at com.mysql.cj.result.DefaultValueFactory.createFromLong(DefaultValueFactory.java:91) ~[mysql-connector-java-8.0.28.jar:8.0.28]
	at com.mysql.cj.result.AbstractDateTimeValueFactory.createFromBytes(AbstractDateTimeValueFactory.java:124) ~[mysql-connector-java-8.0.28.jar:8.0.28]
	at com.mysql.cj.protocol.a.MysqlTextValueDecoder.decodeByteArray(MysqlTextValueDecoder.java:143) ~[mysql-connector-java-8.0.28.jar:8.0.28]
	at com.mysql.cj.protocol.result.AbstractResultsetRow.decodeAndCreateReturnValue(AbstractResultsetRow.java:135) ~[mysql-connector-java-8.0.28.jar:8.0.28]
	at com.mysql.cj.protocol.result.AbstractResultsetRow.getValueFromBytes(AbstractResultsetRow.java:243) ~[mysql-connector-java-8.0.28.jar:8.0.28]
	at com.mysql.cj.protocol.a.result.ByteArrayRow.getValue(ByteArrayRow.java:91) ~[mysql-connector-java-8.0.28.jar:8.0.28]
	... 104 common frames omitted

2025-12-08T22:09:26.788+01:00 ERROR 19584 --- [commesse] [0.1-8080-exec-2] o.s.b.w.servlet.support.ErrorPageFilter  : Forwarding to error page from request [/api/anagrafica/getRuolo] due to exception [Could not extract column [9] from JDBC ResultSet [Unsupported conversion from LONG to java.sql.Timestamp] [n/a]; SQL [n/a]]

org.springframework.dao.DataIntegrityViolationException: Could not extract column [9] from JDBC ResultSet [Unsupported conversion from LONG to java.sql.Timestamp] [n/a]; SQL [n/a]
	at org.springframework.orm.jpa.vendor.HibernateJpaDialect.convertHibernateAccessException(HibernateJpaDialect.java:293) ~[spring-orm-6.2.5.jar:6.2.5]
	at org.springframework.orm.jpa.vendor.HibernateJpaDialect.translateExceptionIfPossible(HibernateJpaDialect.java:241) ~[spring-orm-6.2.5.jar:6.2.5]
	at org.springframework.orm.jpa.AbstractEntityManagerFactoryBean.translateExceptionIfPossible(AbstractEntityManagerFactoryBean.java:560) ~[spring-orm-6.2.5.jar:6.2.5]
	at org.springframework.dao.support.ChainedPersistenceExceptionTranslator.translateExceptionIfPossible(ChainedPersistenceExceptionTranslator.java:61) ~[spring-tx-6.2.5.jar:6.2.5]
	at org.springframework.dao.support.DataAccessUtils.translateIfNecessary(DataAccessUtils.java:343) ~[spring-tx-6.2.5.jar:6.2.5]
	at org.springframework.dao.support.PersistenceExceptionTranslationInterceptor.invoke(PersistenceExceptionTranslationInterceptor.java:160) ~[spring-tx-6.2.5.jar:6.2.5]
	at org.springframework.aop.framework.ReflectiveMethodInvocation.proceed(ReflectiveMethodInvocation.java:184) ~[spring-aop-6.2.5.jar:6.2.5]
	at org.springframework.data.jpa.repository.support.CrudMethodMetadataPostProcessor$CrudMethodMetadataPopulatingMethodInterceptor.invoke(CrudMethodMetadataPostProcessor.java:136) ~[spring-data-jpa-3.4.4.jar:3.4.4]
	at org.springframework.aop.framework.ReflectiveMethodInvocation.proceed(ReflectiveMethodInvocation.java:184) ~[spring-aop-6.2.5.jar:6.2.5]
	at org.springframework.aop.framework.JdkDynamicAopProxy.invoke(JdkDynamicAopProxy.java:223) ~[spring-aop-6.2.5.jar:6.2.5]
	at jdk.proxy3/jdk.proxy3.$Proxy120.findAccount(Unknown Source) ~[na:na]
	at com.gestione.commesse.services.implementation.AnagraficaDipImplementation.getRuolo(AnagraficaDipImplementation.java:49) ~[classes/:0.0.1-SNAPSHOT]
	at com.gestione.commesse.controller.AnagraficaDipendenteController.getRuolo(AnagraficaDipendenteController.java:99) ~[classes/:0.0.1-SNAPSHOT]
	at java.base/jdk.internal.reflect.DirectMethodHandleAccessor.invoke(DirectMethodHandleAccessor.java:103) ~[na:na]
	at java.base/java.lang.reflect.Method.invoke(Method.java:580) ~[na:na]
	at org.springframework.web.method.support.InvocableHandlerMethod.doInvoke(InvocableHandlerMethod.java:258) ~[spring-web-6.2.5.jar:6.2.5]
	at org.springframework.web.method.support.InvocableHandlerMethod.invokeForRequest(InvocableHandlerMethod.java:191) ~[spring-web-6.2.5.jar:6.2.5]
	at org.springframework.web.servlet.mvc.method.annotation.ServletInvocableHandlerMethod.invokeAndHandle(ServletInvocableHandlerMethod.java:118) ~[spring-webmvc-6.2.5.jar:6.2.5]
	at org.springframework.web.servlet.mvc.method.annotation.RequestMappingHandlerAdapter.invokeHandlerMethod(RequestMappingHandlerAdapter.java:986) ~[spring-webmvc-6.2.5.jar:6.2.5]
	at org.springframework.web.servlet.mvc.method.annotation.RequestMappingHandlerAdapter.handleInternal(RequestMappingHandlerAdapter.java:891) ~[spring-webmvc-6.2.5.jar:6.2.5]
	at org.springframework.web.servlet.mvc.method.AbstractHandlerMethodAdapter.handle(AbstractHandlerMethodAdapter.java:87) ~[spring-webmvc-6.2.5.jar:6.2.5]
	at org.springframework.web.servlet.DispatcherServlet.doDispatch(DispatcherServlet.java:1089) ~[spring-webmvc-6.2.5.jar:6.2.5]
	at org.springframework.web.servlet.DispatcherServlet.doService(DispatcherServlet.java:979) ~[spring-webmvc-6.2.5.jar:6.2.5]
	at org.springframework.web.servlet.FrameworkServlet.processRequest(FrameworkServlet.java:1014) ~[spring-webmvc-6.2.5.jar:6.2.5]
	at org.springframework.web.servlet.FrameworkServlet.doGet(FrameworkServlet.java:903) ~[spring-webmvc-6.2.5.jar:6.2.5]
	at jakarta.servlet.http.HttpServlet.service(HttpServlet.java:564) ~[servlet-api.jar:6.0]
	at org.springframework.web.servlet.FrameworkServlet.service(FrameworkServlet.java:885) ~[spring-webmvc-6.2.5.jar:6.2.5]
	at jakarta.servlet.http.HttpServlet.service(HttpServlet.java:658) ~[servlet-api.jar:6.0]
	at org.apache.catalina.core.ApplicationFilterChain.internalDoFilter(ApplicationFilterChain.java:206) ~[catalina.jar:10.1.20]
	at org.apache.catalina.core.ApplicationFilterChain.doFilter(ApplicationFilterChain.java:150) ~[catalina.jar:10.1.20]
	at org.apache.tomcat.websocket.server.WsFilter.doFilter(WsFilter.java:51) ~[tomcat-websocket.jar:10.1.20]
	at org.apache.catalina.core.ApplicationFilterChain.internalDoFilter(ApplicationFilterChain.java:175) ~[catalina.jar:10.1.20]
	at org.apache.catalina.core.ApplicationFilterChain.doFilter(ApplicationFilterChain.java:150) ~[catalina.jar:10.1.20]
	at org.springframework.web.filter.RequestContextFilter.doFilterInternal(RequestContextFilter.java:100) ~[spring-web-6.2.5.jar:6.2.5]
	at org.springframework.web.filter.OncePerRequestFilter.doFilter(OncePerRequestFilter.java:116) ~[spring-web-6.2.5.jar:6.2.5]
	at org.apache.catalina.core.ApplicationFilterChain.internalDoFilter(ApplicationFilterChain.java:175) ~[catalina.jar:10.1.20]
	at org.apache.catalina.core.ApplicationFilterChain.doFilter(ApplicationFilterChain.java:150) ~[catalina.jar:10.1.20]
	at org.springframework.web.filter.FormContentFilter.doFilterInternal(FormContentFilter.java:93) ~[spring-web-6.2.5.jar:6.2.5]
	at org.springframework.web.filter.OncePerRequestFilter.doFilter(OncePerRequestFilter.java:116) ~[spring-web-6.2.5.jar:6.2.5]
	at org.apache.catalina.core.ApplicationFilterChain.internalDoFilter(ApplicationFilterChain.java:175) ~[catalina.jar:10.1.20]
	at org.apache.catalina.core.ApplicationFilterChain.doFilter(ApplicationFilterChain.java:150) ~[catalina.jar:10.1.20]
	at org.springframework.boot.web.servlet.support.ErrorPageFilter.doFilter(ErrorPageFilter.java:124) ~[spring-boot-3.4.4.jar:3.4.4]
	at org.springframework.boot.web.servlet.support.ErrorPageFilter$1.doFilterInternal(ErrorPageFilter.java:99) ~[spring-boot-3.4.4.jar:3.4.4]
	at org.springframework.web.filter.OncePerRequestFilter.doFilter(OncePerRequestFilter.java:116) ~[spring-web-6.2.5.jar:6.2.5]
	at org.springframework.boot.web.servlet.support.ErrorPageFilter.doFilter(ErrorPageFilter.java:117) ~[spring-boot-3.4.4.jar:3.4.4]
	at org.apache.catalina.core.ApplicationFilterChain.internalDoFilter(ApplicationFilterChain.java:175) ~[catalina.jar:10.1.20]
	at org.apache.catalina.core.ApplicationFilterChain.doFilter(ApplicationFilterChain.java:150) ~[catalina.jar:10.1.20]
	at org.springframework.web.filter.CharacterEncodingFilter.doFilterInternal(CharacterEncodingFilter.java:201) ~[spring-web-6.2.5.jar:6.2.5]
	at org.springframework.web.filter.OncePerRequestFilter.doFilter(OncePerRequestFilter.java:116) ~[spring-web-6.2.5.jar:6.2.5]
	at org.apache.catalina.core.ApplicationFilterChain.internalDoFilter(ApplicationFilterChain.java:175) ~[catalina.jar:10.1.20]
	at org.apache.catalina.core.ApplicationFilterChain.doFilter(ApplicationFilterChain.java:150) ~[catalina.jar:10.1.20]
	at org.apache.catalina.core.StandardWrapperValve.invoke(StandardWrapperValve.java:167) ~[catalina.jar:10.1.20]
	at org.apache.catalina.core.StandardContextValve.invoke(StandardContextValve.java:90) ~[catalina.jar:10.1.20]
	at org.apache.catalina.authenticator.AuthenticatorBase.invoke(AuthenticatorBase.java:482) ~[catalina.jar:10.1.20]
	at org.apache.catalina.core.StandardHostValve.invoke(StandardHostValve.java:115) ~[catalina.jar:10.1.20]
	at org.apache.catalina.valves.ErrorReportValve.invoke(ErrorReportValve.java:93) ~[catalina.jar:10.1.20]
	at org.apache.catalina.valves.AbstractAccessLogValve.invoke(AbstractAccessLogValve.java:673) ~[catalina.jar:10.1.20]
	at org.apache.catalina.core.StandardEngineValve.invoke(StandardEngineValve.java:74) ~[catalina.jar:10.1.20]
	at org.apache.catalina.connector.CoyoteAdapter.service(CoyoteAdapter.java:344) ~[catalina.jar:10.1.20]
	at org.apache.coyote.http11.Http11Processor.service(Http11Processor.java:391) ~[tomcat-coyote.jar:10.1.20]
	at org.apache.coyote.AbstractProcessorLight.process(AbstractProcessorLight.java:63) ~[tomcat-coyote.jar:10.1.20]
	at org.apache.coyote.AbstractProtocol$ConnectionHandler.process(AbstractProtocol.java:896) ~[tomcat-coyote.jar:10.1.20]
	at org.apache.tomcat.util.net.NioEndpoint$SocketProcessor.doRun(NioEndpoint.java:1736) ~[tomcat-coyote.jar:10.1.20]
	at org.apache.tomcat.util.net.SocketProcessorBase.run(SocketProcessorBase.java:52) ~[tomcat-coyote.jar:10.1.20]
	at org.apache.tomcat.util.threads.ThreadPoolExecutor.runWorker(ThreadPoolExecutor.java:1191) ~[tomcat-util.jar:10.1.20]
	at org.apache.tomcat.util.threads.ThreadPoolExecutor$Worker.run(ThreadPoolExecutor.java:659) ~[tomcat-util.jar:10.1.20]
	at org.apache.tomcat.util.threads.TaskThread$WrappingRunnable.run(TaskThread.java:63) ~[tomcat-util.jar:10.1.20]
	at java.base/java.lang.Thread.run(Thread.java:1583) ~[na:na]
Caused by: org.hibernate.exception.DataException: Could not extract column [9] from JDBC ResultSet [Unsupported conversion from LONG to java.sql.Timestamp] [n/a]
	at org.hibernate.exception.internal.SQLExceptionTypeDelegate.convert(SQLExceptionTypeDelegate.java:55) ~[hibernate-core-6.6.11.Final.jar:6.6.11.Final]
	at org.hibernate.exception.internal.StandardSQLExceptionConverter.convert(StandardSQLExceptionConverter.java:58) ~[hibernate-core-6.6.11.Final.jar:6.6.11.Final]
	at org.hibernate.engine.jdbc.spi.SqlExceptionHelper.convert(SqlExceptionHelper.java:108) ~[hibernate-core-6.6.11.Final.jar:6.6.11.Final]
	at org.hibernate.engine.jdbc.spi.SqlExceptionHelper.convert(SqlExceptionHelper.java:94) ~[hibernate-core-6.6.11.Final.jar:6.6.11.Final]
	at org.hibernate.sql.results.jdbc.internal.JdbcValuesResultSetImpl.getCurrentRowValue(JdbcValuesResultSetImpl.java:395) ~[hibernate-core-6.6.11.Final.jar:6.6.11.Final]
	at org.hibernate.sql.results.internal.RowProcessingStateStandardImpl.getJdbcValue(RowProcessingStateStandardImpl.java:152) ~[hibernate-core-6.6.11.Final.jar:6.6.11.Final]
	at org.hibernate.sql.results.graph.basic.BasicResultAssembler.extractRawValue(BasicResultAssembler.java:54) ~[hibernate-core-6.6.11.Final.jar:6.6.11.Final]
	at org.hibernate.sql.results.graph.basic.BasicResultAssembler.assemble(BasicResultAssembler.java:60) ~[hibernate-core-6.6.11.Final.jar:6.6.11.Final]
	at org.hibernate.sql.results.graph.entity.internal.EntityInitializerImpl.extractConcreteTypeStateValues(EntityInitializerImpl.java:1607) ~[hibernate-core-6.6.11.Final.jar:6.6.11.Final]
	at org.hibernate.sql.results.graph.entity.internal.EntityInitializerImpl.initializeEntityInstance(EntityInitializerImpl.java:1333) ~[hibernate-core-6.6.11.Final.jar:6.6.11.Final]
	at org.hibernate.sql.results.graph.entity.internal.EntityInitializerImpl.initializeInstance(EntityInitializerImpl.java:1312) ~[hibernate-core-6.6.11.Final.jar:6.6.11.Final]
	at org.hibernate.sql.results.graph.entity.internal.EntityInitializerImpl.initializeInstance(EntityInitializerImpl.java:97) ~[hibernate-core-6.6.11.Final.jar:6.6.11.Final]
	at org.hibernate.sql.results.internal.StandardRowReader.coordinateInitializers(StandardRowReader.java:244) ~[hibernate-core-6.6.11.Final.jar:6.6.11.Final]
	at org.hibernate.sql.results.internal.StandardRowReader.readRow(StandardRowReader.java:141) ~[hibernate-core-6.6.11.Final.jar:6.6.11.Final]
	at org.hibernate.sql.results.spi.ListResultsConsumer.read(ListResultsConsumer.java:249) ~[hibernate-core-6.6.11.Final.jar:6.6.11.Final]
	at org.hibernate.sql.results.spi.ListResultsConsumer.consume(ListResultsConsumer.java:201) ~[hibernate-core-6.6.11.Final.jar:6.6.11.Final]
	at org.hibernate.sql.results.spi.ListResultsConsumer.consume(ListResultsConsumer.java:35) ~[hibernate-core-6.6.11.Final.jar:6.6.11.Final]
	at org.hibernate.sql.exec.internal.JdbcSelectExecutorStandardImpl.doExecuteQuery(JdbcSelectExecutorStandardImpl.java:224) ~[hibernate-core-6.6.11.Final.jar:6.6.11.Final]
	at org.hibernate.sql.exec.internal.JdbcSelectExecutorStandardImpl.executeQuery(JdbcSelectExecutorStandardImpl.java:102) ~[hibernate-core-6.6.11.Final.jar:6.6.11.Final]
	at org.hibernate.sql.exec.spi.JdbcSelectExecutor.executeQuery(JdbcSelectExecutor.java:91) ~[hibernate-core-6.6.11.Final.jar:6.6.11.Final]
	at org.hibernate.sql.exec.spi.JdbcSelectExecutor.list(JdbcSelectExecutor.java:165) ~[hibernate-core-6.6.11.Final.jar:6.6.11.Final]
	at org.hibernate.query.sqm.internal.ConcreteSqmSelectQueryPlan.lambda$new$1(ConcreteSqmSelectQueryPlan.java:152) ~[hibernate-core-6.6.11.Final.jar:6.6.11.Final]
	at org.hibernate.query.sqm.internal.ConcreteSqmSelectQueryPlan.withCacheableSqmInterpretation(ConcreteSqmSelectQueryPlan.java:442) ~[hibernate-core-6.6.11.Final.jar:6.6.11.Final]
	at org.hibernate.query.sqm.internal.ConcreteSqmSelectQueryPlan.performList(ConcreteSqmSelectQueryPlan.java:362) ~[hibernate-core-6.6.11.Final.jar:6.6.11.Final]
	at org.hibernate.query.sqm.internal.QuerySqmImpl.doList(QuerySqmImpl.java:380) ~[hibernate-core-6.6.11.Final.jar:6.6.11.Final]
	at org.hibernate.query.spi.AbstractSelectionQuery.list(AbstractSelectionQuery.java:143) ~[hibernate-core-6.6.11.Final.jar:6.6.11.Final]
	at org.hibernate.query.Query.getResultList(Query.java:120) ~[hibernate-core-6.6.11.Final.jar:6.6.11.Final]
	at org.springframework.data.jpa.repository.query.JpaQueryExecution$CollectionExecution.doExecute(JpaQueryExecution.java:130) ~[spring-data-jpa-3.4.4.jar:3.4.4]
	at org.springframework.data.jpa.repository.query.JpaQueryExecution.execute(JpaQueryExecution.java:93) ~[spring-data-jpa-3.4.4.jar:3.4.4]
	at org.springframework.data.jpa.repository.query.AbstractJpaQuery.doExecute(AbstractJpaQuery.java:152) ~[spring-data-jpa-3.4.4.jar:3.4.4]
	at org.springframework.data.jpa.repository.query.AbstractJpaQuery.execute(AbstractJpaQuery.java:140) ~[spring-data-jpa-3.4.4.jar:3.4.4]
	at org.springframework.data.repository.core.support.RepositoryMethodInvoker.doInvoke(RepositoryMethodInvoker.java:170) ~[spring-data-commons-3.4.4.jar:3.4.4]
	at org.springframework.data.repository.core.support.RepositoryMethodInvoker.invoke(RepositoryMethodInvoker.java:158) ~[spring-data-commons-3.4.4.jar:3.4.4]
	at org.springframework.data.repository.core.support.QueryExecutorMethodInterceptor.doInvoke(QueryExecutorMethodInterceptor.java:170) ~[spring-data-commons-3.4.4.jar:3.4.4]
	at org.springframework.data.repository.core.support.QueryExecutorMethodInterceptor.invoke(QueryExecutorMethodInterceptor.java:149) ~[spring-data-commons-3.4.4.jar:3.4.4]
	at org.springframework.aop.framework.ReflectiveMethodInvocation.proceed(ReflectiveMethodInvocation.java:184) ~[spring-aop-6.2.5.jar:6.2.5]
	at org.springframework.data.projection.DefaultMethodInvokingMethodInterceptor.invoke(DefaultMethodInvokingMethodInterceptor.java:69) ~[spring-data-commons-3.4.4.jar:3.4.4]
	at org.springframework.aop.framework.ReflectiveMethodInvocation.proceed(ReflectiveMethodInvocation.java:184) ~[spring-aop-6.2.5.jar:6.2.5]
	at org.springframework.transaction.interceptor.TransactionAspectSupport.invokeWithinTransaction(TransactionAspectSupport.java:380) ~[spring-tx-6.2.5.jar:6.2.5]
	at org.springframework.transaction.interceptor.TransactionInterceptor.invoke(TransactionInterceptor.java:119) ~[spring-tx-6.2.5.jar:6.2.5]
	at org.springframework.aop.framework.ReflectiveMethodInvocation.proceed(ReflectiveMethodInvocation.java:184) ~[spring-aop-6.2.5.jar:6.2.5]
	at org.springframework.dao.support.PersistenceExceptionTranslationInterceptor.invoke(PersistenceExceptionTranslationInterceptor.java:138) ~[spring-tx-6.2.5.jar:6.2.5]
	... 62 common frames omitted
Caused by: java.sql.SQLDataException: Unsupported conversion from LONG to java.sql.Timestamp
	at com.mysql.cj.jdbc.exceptions.SQLError.createSQLException(SQLError.java:114) ~[mysql-connector-java-8.0.28.jar:8.0.28]
	at com.mysql.cj.jdbc.exceptions.SQLError.createSQLException(SQLError.java:97) ~[mysql-connector-java-8.0.28.jar:8.0.28]
	at com.mysql.cj.jdbc.exceptions.SQLError.createSQLException(SQLError.java:89) ~[mysql-connector-java-8.0.28.jar:8.0.28]
	at com.mysql.cj.jdbc.exceptions.SQLError.createSQLException(SQLError.java:63) ~[mysql-connector-java-8.0.28.jar:8.0.28]
	at com.mysql.cj.jdbc.exceptions.SQLError.createSQLException(SQLError.java:73) ~[mysql-connector-java-8.0.28.jar:8.0.28]
	at com.mysql.cj.jdbc.exceptions.SQLExceptionsMapping.translateException(SQLExceptionsMapping.java:96) ~[mysql-connector-java-8.0.28.jar:8.0.28]
	at com.mysql.cj.jdbc.result.ResultSetImpl.getTimestamp(ResultSetImpl.java:947) ~[mysql-connector-java-8.0.28.jar:8.0.28]
	at com.zaxxer.hikari.pool.HikariProxyResultSet.getTimestamp(HikariProxyResultSet.java) ~[HikariCP-5.1.0.jar:na]
	at org.hibernate.type.descriptor.jdbc.TimestampJdbcType$2.doExtract(TimestampJdbcType.java:111) ~[hibernate-core-6.6.11.Final.jar:6.6.11.Final]
	at org.hibernate.type.descriptor.jdbc.BasicExtractor.extract(BasicExtractor.java:44) ~[hibernate-core-6.6.11.Final.jar:6.6.11.Final]
	at org.hibernate.sql.results.jdbc.internal.JdbcValuesResultSetImpl.getCurrentRowValue(JdbcValuesResultSetImpl.java:387) ~[hibernate-core-6.6.11.Final.jar:6.6.11.Final]
	... 99 common frames omitted
Caused by: com.mysql.cj.exceptions.DataConversionException: Unsupported conversion from LONG to java.sql.Timestamp
	at com.mysql.cj.result.DefaultValueFactory.unsupported(DefaultValueFactory.java:70) ~[mysql-connector-java-8.0.28.jar:8.0.28]
	at com.mysql.cj.result.DefaultValueFactory.createFromLong(DefaultValueFactory.java:91) ~[mysql-connector-java-8.0.28.jar:8.0.28]
	at com.mysql.cj.result.AbstractDateTimeValueFactory.createFromBytes(AbstractDateTimeValueFactory.java:124) ~[mysql-connector-java-8.0.28.jar:8.0.28]
	at com.mysql.cj.protocol.a.MysqlTextValueDecoder.decodeByteArray(MysqlTextValueDecoder.java:143) ~[mysql-connector-java-8.0.28.jar:8.0.28]
	at com.mysql.cj.protocol.result.AbstractResultsetRow.decodeAndCreateReturnValue(AbstractResultsetRow.java:135) ~[mysql-connector-java-8.0.28.jar:8.0.28]
	at com.mysql.cj.protocol.result.AbstractResultsetRow.getValueFromBytes(AbstractResultsetRow.java:243) ~[mysql-connector-java-8.0.28.jar:8.0.28]
	at com.mysql.cj.protocol.a.result.ByteArrayRow.getValue(ByteArrayRow.java:91) ~[mysql-connector-java-8.0.28.jar:8.0.28]
	... 104 common frames omitted

2025-12-08T22:09:26.787+01:00 ERROR 19584 --- [commesse] [0.1-8080-exec-7] o.s.b.w.servlet.support.ErrorPageFilter  : Forwarding to error page from request [/api/clienti/getClientiByTipoSoggetto] due to exception [JDBC exception executing SQL [select c1_0.codice_fiscale,c1_0.data_inserimento,c1_0.idtipopagatore,c1_0.idtiporapporto,c1_0.indirizzo_email_azienda,c1_0.iscritti_albo,c1_0.note,c1_0.partita_iva,c1_0.rag_sociale,c1_0.recapito_pec,c1_0.recapito_telefonico_azienda,c1_0.tipo_soggetto from clienti c1_0 where c1_0.tipo_soggetto=?] [Table 'gestione_commesse.clienti' doesn't exist] [n/a]; SQL [n/a]]

org.springframework.dao.InvalidDataAccessResourceUsageException: JDBC exception executing SQL [select c1_0.codice_fiscale,c1_0.data_inserimento,c1_0.idtipopagatore,c1_0.idtiporapporto,c1_0.indirizzo_email_azienda,c1_0.iscritti_albo,c1_0.note,c1_0.partita_iva,c1_0.rag_sociale,c1_0.recapito_pec,c1_0.recapito_telefonico_azienda,c1_0.tipo_soggetto from clienti c1_0 where c1_0.tipo_soggetto=?] [Table 'gestione_commesse.clienti' doesn't exist] [n/a]; SQL [n/a]
	at org.springframework.orm.jpa.vendor.HibernateJpaDialect.convertHibernateAccessException(HibernateJpaDialect.java:277) ~[spring-orm-6.2.5.jar:6.2.5]
	at org.springframework.orm.jpa.vendor.HibernateJpaDialect.translateExceptionIfPossible(HibernateJpaDialect.java:241) ~[spring-orm-6.2.5.jar:6.2.5]
	at org.springframework.orm.jpa.AbstractEntityManagerFactoryBean.translateExceptionIfPossible(AbstractEntityManagerFactoryBean.java:560) ~[spring-orm-6.2.5.jar:6.2.5]
	at org.springframework.dao.support.ChainedPersistenceExceptionTranslator.translateExceptionIfPossible(ChainedPersistenceExceptionTranslator.java:61) ~[spring-tx-6.2.5.jar:6.2.5]
	at org.springframework.dao.support.DataAccessUtils.translateIfNecessary(DataAccessUtils.java:343) ~[spring-tx-6.2.5.jar:6.2.5]
	at org.springframework.dao.support.PersistenceExceptionTranslationInterceptor.invoke(PersistenceExceptionTranslationInterceptor.java:160) ~[spring-tx-6.2.5.jar:6.2.5]
	at org.springframework.aop.framework.ReflectiveMethodInvocation.proceed(ReflectiveMethodInvocation.java:184) ~[spring-aop-6.2.5.jar:6.2.5]
	at org.springframework.data.jpa.repository.support.CrudMethodMetadataPostProcessor$CrudMethodMetadataPopulatingMethodInterceptor.invoke(CrudMethodMetadataPostProcessor.java:136) ~[spring-data-jpa-3.4.4.jar:3.4.4]
	at org.springframework.aop.framework.ReflectiveMethodInvocation.proceed(ReflectiveMethodInvocation.java:184) ~[spring-aop-6.2.5.jar:6.2.5]
	at org.springframework.aop.framework.JdkDynamicAopProxy.invoke(JdkDynamicAopProxy.java:223) ~[spring-aop-6.2.5.jar:6.2.5]
	at jdk.proxy3/jdk.proxy3.$Proxy128.findClientiByTipoSoggetto(Unknown Source) ~[na:na]
	at com.gestione.commesse.services.implementation.ClientiImplementation.getClientiByTipoSoggetto(ClientiImplementation.java:41) ~[classes/:0.0.1-SNAPSHOT]
	at com.gestione.commesse.controller.ClientiController.getClientiByTipoSoggetto(ClientiController.java:81) ~[classes/:0.0.1-SNAPSHOT]
	at java.base/jdk.internal.reflect.DirectMethodHandleAccessor.invoke(DirectMethodHandleAccessor.java:103) ~[na:na]
	at java.base/java.lang.reflect.Method.invoke(Method.java:580) ~[na:na]
	at org.springframework.web.method.support.InvocableHandlerMethod.doInvoke(InvocableHandlerMethod.java:258) ~[spring-web-6.2.5.jar:6.2.5]
	at org.springframework.web.method.support.InvocableHandlerMethod.invokeForRequest(InvocableHandlerMethod.java:191) ~[spring-web-6.2.5.jar:6.2.5]
	at org.springframework.web.servlet.mvc.method.annotation.ServletInvocableHandlerMethod.invokeAndHandle(ServletInvocableHandlerMethod.java:118) ~[spring-webmvc-6.2.5.jar:6.2.5]
	at org.springframework.web.servlet.mvc.method.annotation.RequestMappingHandlerAdapter.invokeHandlerMethod(RequestMappingHandlerAdapter.java:986) ~[spring-webmvc-6.2.5.jar:6.2.5]
	at org.springframework.web.servlet.mvc.method.annotation.RequestMappingHandlerAdapter.handleInternal(RequestMappingHandlerAdapter.java:891) ~[spring-webmvc-6.2.5.jar:6.2.5]
	at org.springframework.web.servlet.mvc.method.AbstractHandlerMethodAdapter.handle(AbstractHandlerMethodAdapter.java:87) ~[spring-webmvc-6.2.5.jar:6.2.5]
	at org.springframework.web.servlet.DispatcherServlet.doDispatch(DispatcherServlet.java:1089) ~[spring-webmvc-6.2.5.jar:6.2.5]
	at org.springframework.web.servlet.DispatcherServlet.doService(DispatcherServlet.java:979) ~[spring-webmvc-6.2.5.jar:6.2.5]
	at org.springframework.web.servlet.FrameworkServlet.processRequest(FrameworkServlet.java:1014) ~[spring-webmvc-6.2.5.jar:6.2.5]
	at org.springframework.web.servlet.FrameworkServlet.doGet(FrameworkServlet.java:903) ~[spring-webmvc-6.2.5.jar:6.2.5]
	at jakarta.servlet.http.HttpServlet.service(HttpServlet.java:564) ~[servlet-api.jar:6.0]
	at org.springframework.web.servlet.FrameworkServlet.service(FrameworkServlet.java:885) ~[spring-webmvc-6.2.5.jar:6.2.5]
	at jakarta.servlet.http.HttpServlet.service(HttpServlet.java:658) ~[servlet-api.jar:6.0]
	at org.apache.catalina.core.ApplicationFilterChain.internalDoFilter(ApplicationFilterChain.java:206) ~[catalina.jar:10.1.20]
	at org.apache.catalina.core.ApplicationFilterChain.doFilter(ApplicationFilterChain.java:150) ~[catalina.jar:10.1.20]
	at org.apache.tomcat.websocket.server.WsFilter.doFilter(WsFilter.java:51) ~[tomcat-websocket.jar:10.1.20]
	at org.apache.catalina.core.ApplicationFilterChain.internalDoFilter(ApplicationFilterChain.java:175) ~[catalina.jar:10.1.20]
	at org.apache.catalina.core.ApplicationFilterChain.doFilter(ApplicationFilterChain.java:150) ~[catalina.jar:10.1.20]
	at org.springframework.web.filter.RequestContextFilter.doFilterInternal(RequestContextFilter.java:100) ~[spring-web-6.2.5.jar:6.2.5]
	at org.springframework.web.filter.OncePerRequestFilter.doFilter(OncePerRequestFilter.java:116) ~[spring-web-6.2.5.jar:6.2.5]
	at org.apache.catalina.core.ApplicationFilterChain.internalDoFilter(ApplicationFilterChain.java:175) ~[catalina.jar:10.1.20]
	at org.apache.catalina.core.ApplicationFilterChain.doFilter(ApplicationFilterChain.java:150) ~[catalina.jar:10.1.20]
	at org.springframework.web.filter.FormContentFilter.doFilterInternal(FormContentFilter.java:93) ~[spring-web-6.2.5.jar:6.2.5]
	at org.springframework.web.filter.OncePerRequestFilter.doFilter(OncePerRequestFilter.java:116) ~[spring-web-6.2.5.jar:6.2.5]
	at org.apache.catalina.core.ApplicationFilterChain.internalDoFilter(ApplicationFilterChain.java:175) ~[catalina.jar:10.1.20]
	at org.apache.catalina.core.ApplicationFilterChain.doFilter(ApplicationFilterChain.java:150) ~[catalina.jar:10.1.20]
	at org.springframework.boot.web.servlet.support.ErrorPageFilter.doFilter(ErrorPageFilter.java:124) ~[spring-boot-3.4.4.jar:3.4.4]
	at org.springframework.boot.web.servlet.support.ErrorPageFilter$1.doFilterInternal(ErrorPageFilter.java:99) ~[spring-boot-3.4.4.jar:3.4.4]
	at org.springframework.web.filter.OncePerRequestFilter.doFilter(OncePerRequestFilter.java:116) ~[spring-web-6.2.5.jar:6.2.5]
	at org.springframework.boot.web.servlet.support.ErrorPageFilter.doFilter(ErrorPageFilter.java:117) ~[spring-boot-3.4.4.jar:3.4.4]
	at org.apache.catalina.core.ApplicationFilterChain.internalDoFilter(ApplicationFilterChain.java:175) ~[catalina.jar:10.1.20]
	at org.apache.catalina.core.ApplicationFilterChain.doFilter(ApplicationFilterChain.java:150) ~[catalina.jar:10.1.20]
	at org.springframework.web.filter.CharacterEncodingFilter.doFilterInternal(CharacterEncodingFilter.java:201) ~[spring-web-6.2.5.jar:6.2.5]
	at org.springframework.web.filter.OncePerRequestFilter.doFilter(OncePerRequestFilter.java:116) ~[spring-web-6.2.5.jar:6.2.5]
	at org.apache.catalina.core.ApplicationFilterChain.internalDoFilter(ApplicationFilterChain.java:175) ~[catalina.jar:10.1.20]
	at org.apache.catalina.core.ApplicationFilterChain.doFilter(ApplicationFilterChain.java:150) ~[catalina.jar:10.1.20]
	at org.apache.catalina.core.StandardWrapperValve.invoke(StandardWrapperValve.java:167) ~[catalina.jar:10.1.20]
	at org.apache.catalina.core.StandardContextValve.invoke(StandardContextValve.java:90) ~[catalina.jar:10.1.20]
	at org.apache.catalina.authenticator.AuthenticatorBase.invoke(AuthenticatorBase.java:482) ~[catalina.jar:10.1.20]
	at org.apache.catalina.core.StandardHostValve.invoke(StandardHostValve.java:115) ~[catalina.jar:10.1.20]
	at org.apache.catalina.valves.ErrorReportValve.invoke(ErrorReportValve.java:93) ~[catalina.jar:10.1.20]
	at org.apache.catalina.valves.AbstractAccessLogValve.invoke(AbstractAccessLogValve.java:673) ~[catalina.jar:10.1.20]
	at org.apache.catalina.core.StandardEngineValve.invoke(StandardEngineValve.java:74) ~[catalina.jar:10.1.20]
	at org.apache.catalina.connector.CoyoteAdapter.service(CoyoteAdapter.java:344) ~[catalina.jar:10.1.20]
	at org.apache.coyote.http11.Http11Processor.service(Http11Processor.java:391) ~[tomcat-coyote.jar:10.1.20]
	at org.apache.coyote.AbstractProcessorLight.process(AbstractProcessorLight.java:63) ~[tomcat-coyote.jar:10.1.20]
	at org.apache.coyote.AbstractProtocol$ConnectionHandler.process(AbstractProtocol.java:896) ~[tomcat-coyote.jar:10.1.20]
	at org.apache.tomcat.util.net.NioEndpoint$SocketProcessor.doRun(NioEndpoint.java:1736) ~[tomcat-coyote.jar:10.1.20]
	at org.apache.tomcat.util.net.SocketProcessorBase.run(SocketProcessorBase.java:52) ~[tomcat-coyote.jar:10.1.20]
	at org.apache.tomcat.util.threads.ThreadPoolExecutor.runWorker(ThreadPoolExecutor.java:1191) ~[tomcat-util.jar:10.1.20]
	at org.apache.tomcat.util.threads.ThreadPoolExecutor$Worker.run(ThreadPoolExecutor.java:659) ~[tomcat-util.jar:10.1.20]
	at org.apache.tomcat.util.threads.TaskThread$WrappingRunnable.run(TaskThread.java:63) ~[tomcat-util.jar:10.1.20]
	at java.base/java.lang.Thread.run(Thread.java:1583) ~[na:na]
Caused by: org.hibernate.exception.SQLGrammarException: JDBC exception executing SQL [select c1_0.codice_fiscale,c1_0.data_inserimento,c1_0.idtipopagatore,c1_0.idtiporapporto,c1_0.indirizzo_email_azienda,c1_0.iscritti_albo,c1_0.note,c1_0.partita_iva,c1_0.rag_sociale,c1_0.recapito_pec,c1_0.recapito_telefonico_azienda,c1_0.tipo_soggetto from clienti c1_0 where c1_0.tipo_soggetto=?] [Table 'gestione_commesse.clienti' doesn't exist] [n/a]
	at org.hibernate.exception.internal.SQLExceptionTypeDelegate.convert(SQLExceptionTypeDelegate.java:66) ~[hibernate-core-6.6.11.Final.jar:6.6.11.Final]
	at org.hibernate.exception.internal.StandardSQLExceptionConverter.convert(StandardSQLExceptionConverter.java:58) ~[hibernate-core-6.6.11.Final.jar:6.6.11.Final]
	at org.hibernate.engine.jdbc.spi.SqlExceptionHelper.convert(SqlExceptionHelper.java:108) ~[hibernate-core-6.6.11.Final.jar:6.6.11.Final]
	at org.hibernate.engine.jdbc.spi.SqlExceptionHelper.convert(SqlExceptionHelper.java:94) ~[hibernate-core-6.6.11.Final.jar:6.6.11.Final]
	at org.hibernate.sql.results.jdbc.internal.DeferredResultSetAccess.executeQuery(DeferredResultSetAccess.java:268) ~[hibernate-core-6.6.11.Final.jar:6.6.11.Final]
	at org.hibernate.sql.results.jdbc.internal.DeferredResultSetAccess.getResultSet(DeferredResultSetAccess.java:171) ~[hibernate-core-6.6.11.Final.jar:6.6.11.Final]
	at org.hibernate.sql.results.jdbc.internal.JdbcValuesResultSetImpl.<init>(JdbcValuesResultSetImpl.java:74) ~[hibernate-core-6.6.11.Final.jar:6.6.11.Final]
	at org.hibernate.sql.exec.internal.JdbcSelectExecutorStandardImpl.resolveJdbcValuesSource(JdbcSelectExecutorStandardImpl.java:355) ~[hibernate-core-6.6.11.Final.jar:6.6.11.Final]
	at org.hibernate.sql.exec.internal.JdbcSelectExecutorStandardImpl.doExecuteQuery(JdbcSelectExecutorStandardImpl.java:137) ~[hibernate-core-6.6.11.Final.jar:6.6.11.Final]
	at org.hibernate.sql.exec.internal.JdbcSelectExecutorStandardImpl.executeQuery(JdbcSelectExecutorStandardImpl.java:102) ~[hibernate-core-6.6.11.Final.jar:6.6.11.Final]
	at org.hibernate.sql.exec.spi.JdbcSelectExecutor.executeQuery(JdbcSelectExecutor.java:91) ~[hibernate-core-6.6.11.Final.jar:6.6.11.Final]
	at org.hibernate.sql.exec.spi.JdbcSelectExecutor.list(JdbcSelectExecutor.java:165) ~[hibernate-core-6.6.11.Final.jar:6.6.11.Final]
	at org.hibernate.query.sqm.internal.ConcreteSqmSelectQueryPlan.lambda$new$1(ConcreteSqmSelectQueryPlan.java:152) ~[hibernate-core-6.6.11.Final.jar:6.6.11.Final]
	at org.hibernate.query.sqm.internal.ConcreteSqmSelectQueryPlan.withCacheableSqmInterpretation(ConcreteSqmSelectQueryPlan.java:442) ~[hibernate-core-6.6.11.Final.jar:6.6.11.Final]
	at org.hibernate.query.sqm.internal.ConcreteSqmSelectQueryPlan.performList(ConcreteSqmSelectQueryPlan.java:362) ~[hibernate-core-6.6.11.Final.jar:6.6.11.Final]
	at org.hibernate.query.sqm.internal.QuerySqmImpl.doList(QuerySqmImpl.java:380) ~[hibernate-core-6.6.11.Final.jar:6.6.11.Final]
	at org.hibernate.query.spi.AbstractSelectionQuery.list(AbstractSelectionQuery.java:143) ~[hibernate-core-6.6.11.Final.jar:6.6.11.Final]
	at org.hibernate.query.Query.getResultList(Query.java:120) ~[hibernate-core-6.6.11.Final.jar:6.6.11.Final]
	at org.springframework.data.jpa.repository.query.JpaQueryExecution$CollectionExecution.doExecute(JpaQueryExecution.java:130) ~[spring-data-jpa-3.4.4.jar:3.4.4]
	at org.springframework.data.jpa.repository.query.JpaQueryExecution.execute(JpaQueryExecution.java:93) ~[spring-data-jpa-3.4.4.jar:3.4.4]
	at org.springframework.data.jpa.repository.query.AbstractJpaQuery.doExecute(AbstractJpaQuery.java:152) ~[spring-data-jpa-3.4.4.jar:3.4.4]
	at org.springframework.data.jpa.repository.query.AbstractJpaQuery.execute(AbstractJpaQuery.java:140) ~[spring-data-jpa-3.4.4.jar:3.4.4]
	at org.springframework.data.repository.core.support.RepositoryMethodInvoker.doInvoke(RepositoryMethodInvoker.java:170) ~[spring-data-commons-3.4.4.jar:3.4.4]
	at org.springframework.data.repository.core.support.RepositoryMethodInvoker.invoke(RepositoryMethodInvoker.java:158) ~[spring-data-commons-3.4.4.jar:3.4.4]
	at org.springframework.data.repository.core.support.QueryExecutorMethodInterceptor.doInvoke(QueryExecutorMethodInterceptor.java:170) ~[spring-data-commons-3.4.4.jar:3.4.4]
	at org.springframework.data.repository.core.support.QueryExecutorMethodInterceptor.invoke(QueryExecutorMethodInterceptor.java:149) ~[spring-data-commons-3.4.4.jar:3.4.4]
	at org.springframework.aop.framework.ReflectiveMethodInvocation.proceed(ReflectiveMethodInvocation.java:184) ~[spring-aop-6.2.5.jar:6.2.5]
	at org.springframework.data.projection.DefaultMethodInvokingMethodInterceptor.invoke(DefaultMethodInvokingMethodInterceptor.java:69) ~[spring-data-commons-3.4.4.jar:3.4.4]
	at org.springframework.aop.framework.ReflectiveMethodInvocation.proceed(ReflectiveMethodInvocation.java:184) ~[spring-aop-6.2.5.jar:6.2.5]
	at org.springframework.transaction.interceptor.TransactionAspectSupport.invokeWithinTransaction(TransactionAspectSupport.java:380) ~[spring-tx-6.2.5.jar:6.2.5]
	at org.springframework.transaction.interceptor.TransactionInterceptor.invoke(TransactionInterceptor.java:119) ~[spring-tx-6.2.5.jar:6.2.5]
	at org.springframework.aop.framework.ReflectiveMethodInvocation.proceed(ReflectiveMethodInvocation.java:184) ~[spring-aop-6.2.5.jar:6.2.5]
	at org.springframework.dao.support.PersistenceExceptionTranslationInterceptor.invoke(PersistenceExceptionTranslationInterceptor.java:138) ~[spring-tx-6.2.5.jar:6.2.5]
	... 62 common frames omitted
Caused by: java.sql.SQLSyntaxErrorException: Table 'gestione_commesse.clienti' doesn't exist
	at com.mysql.cj.jdbc.exceptions.SQLError.createSQLException(SQLError.java:120) ~[mysql-connector-java-8.0.28.jar:8.0.28]
	at com.mysql.cj.jdbc.exceptions.SQLExceptionsMapping.translateException(SQLExceptionsMapping.java:122) ~[mysql-connector-java-8.0.28.jar:8.0.28]
	at com.mysql.cj.jdbc.ClientPreparedStatement.executeInternal(ClientPreparedStatement.java:953) ~[mysql-connector-java-8.0.28.jar:8.0.28]
	at com.mysql.cj.jdbc.ClientPreparedStatement.executeQuery(ClientPreparedStatement.java:1009) ~[mysql-connector-java-8.0.28.jar:8.0.28]
	at com.zaxxer.hikari.pool.ProxyPreparedStatement.executeQuery(ProxyPreparedStatement.java:52) ~[HikariCP-5.1.0.jar:na]
	at com.zaxxer.hikari.pool.HikariProxyPreparedStatement.executeQuery(HikariProxyPreparedStatement.java) ~[HikariCP-5.1.0.jar:na]
	at org.hibernate.sql.results.jdbc.internal.DeferredResultSetAccess.executeQuery(DeferredResultSetAccess.java:250) ~[hibernate-core-6.6.11.Final.jar:6.6.11.Final]
	... 90 common frames omitted

2025-12-08T22:09:26.815+01:00 DEBUG 19584 --- [commesse] [0.1-8080-exec-9] o.s.web.servlet.DispatcherServlet        : Completed 200 OK
2025-12-08T22:09:26.822+01:00 DEBUG 19584 --- [commesse] [.1-8080-exec-10] o.s.web.servlet.DispatcherServlet        : GET "/commesse-0.0.1-SNAPSHOT/api/anagrafica/getAllAnagrafica", parameters={}
2025-12-08T22:09:26.824+01:00 DEBUG 19584 --- [commesse] [.1-8080-exec-10] s.w.s.m.m.a.RequestMappingHandlerMapping : Mapped to com.gestione.commesse.controller.AnagraficaDipendenteController#getAllAnagrafica()
2025-12-08T22:09:26.824+01:00 DEBUG 19584 --- [commesse] [0.1-8080-exec-8] o.s.web.servlet.DispatcherServlet        : Completed 200 OK
2025-12-08T22:09:26.827+01:00  INFO 19584 --- [commesse] [.1-8080-exec-10] c.g.c.c.AnagraficaDipendenteController   : com.gestione.commesse.controller.AnagraficaDipendenteController : getAllAnagrafica
2025-12-08T22:09:26.832+01:00 DEBUG 19584 --- [commesse] [0.1-8080-exec-8] o.s.web.servlet.DispatcherServlet        : GET "/commesse-0.0.1-SNAPSHOT/api/attivitaAssegnate/getCountTotali?codice_commessa=undefined&parameterOfCalculate=NGP", parameters={masked}
2025-12-08T22:09:26.832+01:00 DEBUG 19584 --- [commesse] [0.1-8080-exec-5] o.s.web.servlet.DispatcherServlet        : "FORWARD" dispatch for GET "/commesse-0.0.1-SNAPSHOT/error?ruolo=pm", parameters={masked}
2025-12-08T22:09:26.833+01:00 DEBUG 19584 --- [commesse] [0.1-8080-exec-4] o.s.web.servlet.DispatcherServlet        : "FORWARD" dispatch for GET "/commesse-0.0.1-SNAPSHOT/error?ruolo=commerciale", parameters={masked}
2025-12-08T22:09:26.833+01:00 DEBUG 19584 --- [commesse] [0.1-8080-exec-8] s.w.s.m.m.a.RequestMappingHandlerMapping : Mapped to com.gestione.commesse.controller.AttivitaAssegnateController#getCountTotali(String, String)
2025-12-08T22:09:26.832+01:00 DEBUG 19584 --- [commesse] [0.1-8080-exec-7] o.s.web.servlet.DispatcherServlet        : "FORWARD" dispatch for GET "/commesse-0.0.1-SNAPSHOT/error?tipo_soggetto=CLIENTE", parameters={masked}
2025-12-08T22:09:26.833+01:00 DEBUG 19584 --- [commesse] [0.1-8080-exec-2] o.s.web.servlet.DispatcherServlet        : "FORWARD" dispatch for GET "/commesse-0.0.1-SNAPSHOT/error?ruolo=account", parameters={masked}
2025-12-08T22:09:26.836+01:00  INFO 19584 --- [commesse] [0.1-8080-exec-8] c.g.c.c.AttivitaAssegnateController      : com.gestione.commesse.controller.AttivitaAssegnateController : getCountTotali
2025-12-08T22:09:26.837+01:00 DEBUG 19584 --- [commesse] [0.1-8080-exec-5] s.w.s.m.m.a.RequestMappingHandlerMapping : Mapped to org.springframework.boot.autoconfigure.web.servlet.error.BasicErrorController#error(HttpServletRequest)
2025-12-08T22:09:26.837+01:00 DEBUG 19584 --- [commesse] [0.1-8080-exec-7] s.w.s.m.m.a.RequestMappingHandlerMapping : Mapped to org.springframework.boot.autoconfigure.web.servlet.error.BasicErrorController#error(HttpServletRequest)
2025-12-08T22:09:26.837+01:00 DEBUG 19584 --- [commesse] [0.1-8080-exec-2] s.w.s.m.m.a.RequestMappingHandlerMapping : Mapped to org.springframework.boot.autoconfigure.web.servlet.error.BasicErrorController#error(HttpServletRequest)
2025-12-08T22:09:26.839+01:00 DEBUG 19584 --- [commesse] [.1-8080-exec-10] org.hibernate.SQL                        : 
    select
        ad1_0.codice_fiscale,
        ad1_0.cap_domicilio,
        ad1_0.cap_residenza,
        ad1_0.civico_domicilio,
        ad1_0.cognome,
        ad1_0.comune_domicilio,
        ad1_0.comune_nascita,
        ad1_0.comune_residenza,
        ad1_0.data_assunzione,
        ad1_0.data_fine_rapporto,
        ad1_0.data_inserimento,
        ad1_0.data_nascita,
        ad1_0.datore_lavoro,
        ad1_0.disponibilita_cellulare,
        ad1_0.durata_periodo_prova,
        ad1_0.indirizzo_domicilio,
        ad1_0.indirizzo_residenza,
        ad1_0.livello_inquadramento,
        ad1_0.nazionalita,
        ad1_0.nome,
        ad1_0.note,
        ad1_0.numero_cellulare_aziendale,
        ad1_0.numero_cellulare_personale,
        ad1_0.numero_civico_residenza,
        ad1_0.numero_eventuali_rinnovi,
        ad1_0.numero_matricola,
        ad1_0.preavviso,
        ad1_0.prov_domicilio,
        ad1_0.prov_residenza,
        ad1_0.provincia_nascita,
        ad1_0.ruolo_account,
        ad1_0.ruolo_capo_progetto,
        ad1_0.ruolo_commerciale,
        ad1_0.ruolo_manager,
        ad1_0.ruolo_tecnico,
        ad1_0.scadenza_se_determinato,
        ad1_0.tipo_ccnl,
        ad1_0.tipo_contratto_assunzione,
        ad1_0.tipo_fine_rapporto 
    from
        anagrafica_dipendenti ad1_0
Hibernate: 
    select
        ad1_0.codice_fiscale,
        ad1_0.cap_domicilio,
        ad1_0.cap_residenza,
        ad1_0.civico_domicilio,
        ad1_0.cognome,
        ad1_0.comune_domicilio,
        ad1_0.comune_nascita,
        ad1_0.comune_residenza,
        ad1_0.data_assunzione,
        ad1_0.data_fine_rapporto,
        ad1_0.data_inserimento,
        ad1_0.data_nascita,
        ad1_0.datore_lavoro,
        ad1_0.disponibilita_cellulare,
        ad1_0.durata_periodo_prova,
        ad1_0.indirizzo_domicilio,
        ad1_0.indirizzo_residenza,
        ad1_0.livello_inquadramento,
        ad1_0.nazionalita,
        ad1_0.nome,
        ad1_0.note,
        ad1_0.numero_cellulare_aziendale,
        ad1_0.numero_cellulare_personale,
        ad1_0.numero_civico_residenza,
        ad1_0.numero_eventuali_rinnovi,
        ad1_0.numero_matricola,
        ad1_0.preavviso,
        ad1_0.prov_domicilio,
        ad1_0.prov_residenza,
        ad1_0.provincia_nascita,
        ad1_0.ruolo_account,
        ad1_0.ruolo_capo_progetto,
        ad1_0.ruolo_commerciale,
        ad1_0.ruolo_manager,
        ad1_0.ruolo_tecnico,
        ad1_0.scadenza_se_determinato,
        ad1_0.tipo_ccnl,
        ad1_0.tipo_contratto_assunzione,
        ad1_0.tipo_fine_rapporto 
    from
        anagrafica_dipendenti ad1_0
2025-12-08T22:09:26.840+01:00 DEBUG 19584 --- [commesse] [0.1-8080-exec-4] s.w.s.m.m.a.RequestMappingHandlerMapping : Mapped to org.springframework.boot.autoconfigure.web.servlet.error.BasicErrorController#error(HttpServletRequest)
2025-12-08T22:09:26.845+01:00  WARN 19584 --- [commesse] [.1-8080-exec-10] o.h.engine.jdbc.spi.SqlExceptionHelper   : SQL Error: 0, SQLState: 22018
2025-12-08T22:09:26.846+01:00 ERROR 19584 --- [commesse] [.1-8080-exec-10] o.h.engine.jdbc.spi.SqlExceptionHelper   : Unsupported conversion from LONG to java.sql.Timestamp
2025-12-08T22:09:26.846+01:00 DEBUG 19584 --- [commesse] [0.1-8080-exec-8] org.hibernate.SQL                        : 
    SELECT
        sum((attivita_assegnate.numero_gg_u_previsti_risorsa)) 
    FROM
        gestione_commesse.attivita_assegnate 
    where
        codice_commessa = ?
Hibernate: 
    SELECT
        sum((attivita_assegnate.numero_gg_u_previsti_risorsa)) 
    FROM
        gestione_commesse.attivita_assegnate 
    where
        codice_commessa = ?
2025-12-08T22:09:26.850+01:00 DEBUG 19584 --- [commesse] [0.1-8080-exec-5] o.s.w.s.m.m.a.HttpEntityMethodProcessor  : Using 'application/json', given [application/json, text/plain, */*] and supported [application/json, application/*+json]
2025-12-08T22:09:26.850+01:00 DEBUG 19584 --- [commesse] [0.1-8080-exec-7] o.s.w.s.m.m.a.HttpEntityMethodProcessor  : Using 'application/json', given [application/json, text/plain, */*] and supported [application/json, application/*+json]
2025-12-08T22:09:26.850+01:00 DEBUG 19584 --- [commesse] [0.1-8080-exec-4] o.s.w.s.m.m.a.HttpEntityMethodProcessor  : Using 'application/json', given [application/json, text/plain, */*] and supported [application/json, application/*+json]
2025-12-08T22:09:26.851+01:00 DEBUG 19584 --- [commesse] [0.1-8080-exec-5] o.s.w.s.m.m.a.HttpEntityMethodProcessor  : Writing [{timestamp=Mon Dec 08 22:09:26 CET 2025, status=500, error=Internal Server Error, path=/commesse-0.0 (truncated)...]
2025-12-08T22:09:26.851+01:00 DEBUG 19584 --- [commesse] [0.1-8080-exec-7] o.s.w.s.m.m.a.HttpEntityMethodProcessor  : Writing [{timestamp=Mon Dec 08 22:09:26 CET 2025, status=500, error=Internal Server Error, path=/commesse-0.0 (truncated)...]
2025-12-08T22:09:26.853+01:00 DEBUG 19584 --- [commesse] [0.1-8080-exec-2] o.s.w.s.m.m.a.HttpEntityMethodProcessor  : Using 'application/json', given [application/json, text/plain, */*] and supported [application/json, application/*+json]
2025-12-08T22:09:26.854+01:00 DEBUG 19584 --- [commesse] [0.1-8080-exec-2] o.s.w.s.m.m.a.HttpEntityMethodProcessor  : Writing [{timestamp=Mon Dec 08 22:09:26 CET 2025, status=500, error=Internal Server Error, path=/commesse-0.0 (truncated)...]
2025-12-08T22:09:26.854+01:00 DEBUG 19584 --- [commesse] [.1-8080-exec-10] o.s.web.servlet.DispatcherServlet        : Failed to complete request: org.springframework.dao.DataIntegrityViolationException: Could not extract column [9] from JDBC ResultSet [Unsupported conversion from LONG to java.sql.Timestamp] [n/a]; SQL [n/a]
2025-12-08T22:09:26.855+01:00 DEBUG 19584 --- [commesse] [0.1-8080-exec-4] o.s.w.s.m.m.a.HttpEntityMethodProcessor  : Writing [{timestamp=Mon Dec 08 22:09:26 GMT+01:00 2025, status=500, error=Internal Server Error, path=/commes (truncated)...]
2025-12-08T22:09:26.855+01:00 ERROR 19584 --- [commesse] [.1-8080-exec-10] o.s.b.w.servlet.support.ErrorPageFilter  : Forwarding to error page from request [/api/anagrafica/getAllAnagrafica] due to exception [Could not extract column [9] from JDBC ResultSet [Unsupported conversion from LONG to java.sql.Timestamp] [n/a]; SQL [n/a]]

org.springframework.dao.DataIntegrityViolationException: Could not extract column [9] from JDBC ResultSet [Unsupported conversion from LONG to java.sql.Timestamp] [n/a]; SQL [n/a]
	at org.springframework.orm.jpa.vendor.HibernateJpaDialect.convertHibernateAccessException(HibernateJpaDialect.java:293) ~[spring-orm-6.2.5.jar:6.2.5]
	at org.springframework.orm.jpa.vendor.HibernateJpaDialect.translateExceptionIfPossible(HibernateJpaDialect.java:241) ~[spring-orm-6.2.5.jar:6.2.5]
	at org.springframework.orm.jpa.AbstractEntityManagerFactoryBean.translateExceptionIfPossible(AbstractEntityManagerFactoryBean.java:560) ~[spring-orm-6.2.5.jar:6.2.5]
	at org.springframework.dao.support.ChainedPersistenceExceptionTranslator.translateExceptionIfPossible(ChainedPersistenceExceptionTranslator.java:61) ~[spring-tx-6.2.5.jar:6.2.5]
	at org.springframework.dao.support.DataAccessUtils.translateIfNecessary(DataAccessUtils.java:343) ~[spring-tx-6.2.5.jar:6.2.5]
	at org.springframework.dao.support.PersistenceExceptionTranslationInterceptor.invoke(PersistenceExceptionTranslationInterceptor.java:160) ~[spring-tx-6.2.5.jar:6.2.5]
	at org.springframework.aop.framework.ReflectiveMethodInvocation.proceed(ReflectiveMethodInvocation.java:184) ~[spring-aop-6.2.5.jar:6.2.5]
	at org.springframework.data.jpa.repository.support.CrudMethodMetadataPostProcessor$CrudMethodMetadataPopulatingMethodInterceptor.invoke(CrudMethodMetadataPostProcessor.java:165) ~[spring-data-jpa-3.4.4.jar:3.4.4]
	at org.springframework.aop.framework.ReflectiveMethodInvocation.proceed(ReflectiveMethodInvocation.java:184) ~[spring-aop-6.2.5.jar:6.2.5]
	at org.springframework.aop.framework.JdkDynamicAopProxy.invoke(JdkDynamicAopProxy.java:223) ~[spring-aop-6.2.5.jar:6.2.5]
	at jdk.proxy3/jdk.proxy3.$Proxy120.findAll(Unknown Source) ~[na:na]
	at com.gestione.commesse.services.implementation.AnagraficaDipImplementation.getAllAnagraficaDip(AnagraficaDipImplementation.java:24) ~[classes/:0.0.1-SNAPSHOT]
	at com.gestione.commesse.controller.AnagraficaDipendenteController.getAllAnagrafica(AnagraficaDipendenteController.java:42) ~[classes/:0.0.1-SNAPSHOT]
	at java.base/jdk.internal.reflect.DirectMethodHandleAccessor.invoke(DirectMethodHandleAccessor.java:103) ~[na:na]
	at java.base/java.lang.reflect.Method.invoke(Method.java:580) ~[na:na]
	at org.springframework.web.method.support.InvocableHandlerMethod.doInvoke(InvocableHandlerMethod.java:258) ~[spring-web-6.2.5.jar:6.2.5]
	at org.springframework.web.method.support.InvocableHandlerMethod.invokeForRequest(InvocableHandlerMethod.java:191) ~[spring-web-6.2.5.jar:6.2.5]
	at org.springframework.web.servlet.mvc.method.annotation.ServletInvocableHandlerMethod.invokeAndHandle(ServletInvocableHandlerMethod.java:118) ~[spring-webmvc-6.2.5.jar:6.2.5]
	at org.springframework.web.servlet.mvc.method.annotation.RequestMappingHandlerAdapter.invokeHandlerMethod(RequestMappingHandlerAdapter.java:986) ~[spring-webmvc-6.2.5.jar:6.2.5]
	at org.springframework.web.servlet.mvc.method.annotation.RequestMappingHandlerAdapter.handleInternal(RequestMappingHandlerAdapter.java:891) ~[spring-webmvc-6.2.5.jar:6.2.5]
	at org.springframework.web.servlet.mvc.method.AbstractHandlerMethodAdapter.handle(AbstractHandlerMethodAdapter.java:87) ~[spring-webmvc-6.2.5.jar:6.2.5]
	at org.springframework.web.servlet.DispatcherServlet.doDispatch(DispatcherServlet.java:1089) ~[spring-webmvc-6.2.5.jar:6.2.5]
	at org.springframework.web.servlet.DispatcherServlet.doService(DispatcherServlet.java:979) ~[spring-webmvc-6.2.5.jar:6.2.5]
	at org.springframework.web.servlet.FrameworkServlet.processRequest(FrameworkServlet.java:1014) ~[spring-webmvc-6.2.5.jar:6.2.5]
	at org.springframework.web.servlet.FrameworkServlet.doGet(FrameworkServlet.java:903) ~[spring-webmvc-6.2.5.jar:6.2.5]
	at jakarta.servlet.http.HttpServlet.service(HttpServlet.java:564) ~[servlet-api.jar:6.0]
	at org.springframework.web.servlet.FrameworkServlet.service(FrameworkServlet.java:885) ~[spring-webmvc-6.2.5.jar:6.2.5]
	at jakarta.servlet.http.HttpServlet.service(HttpServlet.java:658) ~[servlet-api.jar:6.0]
	at org.apache.catalina.core.ApplicationFilterChain.internalDoFilter(ApplicationFilterChain.java:206) ~[catalina.jar:10.1.20]
	at org.apache.catalina.core.ApplicationFilterChain.doFilter(ApplicationFilterChain.java:150) ~[catalina.jar:10.1.20]
	at org.apache.tomcat.websocket.server.WsFilter.doFilter(WsFilter.java:51) ~[tomcat-websocket.jar:10.1.20]
	at org.apache.catalina.core.ApplicationFilterChain.internalDoFilter(ApplicationFilterChain.java:175) ~[catalina.jar:10.1.20]
	at org.apache.catalina.core.ApplicationFilterChain.doFilter(ApplicationFilterChain.java:150) ~[catalina.jar:10.1.20]
	at org.springframework.web.filter.RequestContextFilter.doFilterInternal(RequestContextFilter.java:100) ~[spring-web-6.2.5.jar:6.2.5]
	at org.springframework.web.filter.OncePerRequestFilter.doFilter(OncePerRequestFilter.java:116) ~[spring-web-6.2.5.jar:6.2.5]
	at org.apache.catalina.core.ApplicationFilterChain.internalDoFilter(ApplicationFilterChain.java:175) ~[catalina.jar:10.1.20]
	at org.apache.catalina.core.ApplicationFilterChain.doFilter(ApplicationFilterChain.java:150) ~[catalina.jar:10.1.20]
	at org.springframework.web.filter.FormContentFilter.doFilterInternal(FormContentFilter.java:93) ~[spring-web-6.2.5.jar:6.2.5]
	at org.springframework.web.filter.OncePerRequestFilter.doFilter(OncePerRequestFilter.java:116) ~[spring-web-6.2.5.jar:6.2.5]
	at org.apache.catalina.core.ApplicationFilterChain.internalDoFilter(ApplicationFilterChain.java:175) ~[catalina.jar:10.1.20]
	at org.apache.catalina.core.ApplicationFilterChain.doFilter(ApplicationFilterChain.java:150) ~[catalina.jar:10.1.20]
	at org.springframework.boot.web.servlet.support.ErrorPageFilter.doFilter(ErrorPageFilter.java:124) ~[spring-boot-3.4.4.jar:3.4.4]
	at org.springframework.boot.web.servlet.support.ErrorPageFilter$1.doFilterInternal(ErrorPageFilter.java:99) ~[spring-boot-3.4.4.jar:3.4.4]
	at org.springframework.web.filter.OncePerRequestFilter.doFilter(OncePerRequestFilter.java:116) ~[spring-web-6.2.5.jar:6.2.5]
	at org.springframework.boot.web.servlet.support.ErrorPageFilter.doFilter(ErrorPageFilter.java:117) ~[spring-boot-3.4.4.jar:3.4.4]
	at org.apache.catalina.core.ApplicationFilterChain.internalDoFilter(ApplicationFilterChain.java:175) ~[catalina.jar:10.1.20]
	at org.apache.catalina.core.ApplicationFilterChain.doFilter(ApplicationFilterChain.java:150) ~[catalina.jar:10.1.20]
	at org.springframework.web.filter.CharacterEncodingFilter.doFilterInternal(CharacterEncodingFilter.java:201) ~[spring-web-6.2.5.jar:6.2.5]
	at org.springframework.web.filter.OncePerRequestFilter.doFilter(OncePerRequestFilter.java:116) ~[spring-web-6.2.5.jar:6.2.5]
	at org.apache.catalina.core.ApplicationFilterChain.internalDoFilter(ApplicationFilterChain.java:175) ~[catalina.jar:10.1.20]
	at org.apache.catalina.core.ApplicationFilterChain.doFilter(ApplicationFilterChain.java:150) ~[catalina.jar:10.1.20]
	at org.apache.catalina.core.StandardWrapperValve.invoke(StandardWrapperValve.java:167) ~[catalina.jar:10.1.20]
	at org.apache.catalina.core.StandardContextValve.invoke(StandardContextValve.java:90) ~[catalina.jar:10.1.20]
	at org.apache.catalina.authenticator.AuthenticatorBase.invoke(AuthenticatorBase.java:482) ~[catalina.jar:10.1.20]
	at org.apache.catalina.core.StandardHostValve.invoke(StandardHostValve.java:115) ~[catalina.jar:10.1.20]
	at org.apache.catalina.valves.ErrorReportValve.invoke(ErrorReportValve.java:93) ~[catalina.jar:10.1.20]
	at org.apache.catalina.valves.AbstractAccessLogValve.invoke(AbstractAccessLogValve.java:673) ~[catalina.jar:10.1.20]
	at org.apache.catalina.core.StandardEngineValve.invoke(StandardEngineValve.java:74) ~[catalina.jar:10.1.20]
	at org.apache.catalina.connector.CoyoteAdapter.service(CoyoteAdapter.java:344) ~[catalina.jar:10.1.20]
	at org.apache.coyote.http11.Http11Processor.service(Http11Processor.java:391) ~[tomcat-coyote.jar:10.1.20]
	at org.apache.coyote.AbstractProcessorLight.process(AbstractProcessorLight.java:63) ~[tomcat-coyote.jar:10.1.20]
	at org.apache.coyote.AbstractProtocol$ConnectionHandler.process(AbstractProtocol.java:896) ~[tomcat-coyote.jar:10.1.20]
	at org.apache.tomcat.util.net.NioEndpoint$SocketProcessor.doRun(NioEndpoint.java:1736) ~[tomcat-coyote.jar:10.1.20]
	at org.apache.tomcat.util.net.SocketProcessorBase.run(SocketProcessorBase.java:52) ~[tomcat-coyote.jar:10.1.20]
	at org.apache.tomcat.util.threads.ThreadPoolExecutor.runWorker(ThreadPoolExecutor.java:1191) ~[tomcat-util.jar:10.1.20]
	at org.apache.tomcat.util.threads.ThreadPoolExecutor$Worker.run(ThreadPoolExecutor.java:659) ~[tomcat-util.jar:10.1.20]
	at org.apache.tomcat.util.threads.TaskThread$WrappingRunnable.run(TaskThread.java:63) ~[tomcat-util.jar:10.1.20]
	at java.base/java.lang.Thread.run(Thread.java:1583) ~[na:na]
Caused by: org.hibernate.exception.DataException: Could not extract column [9] from JDBC ResultSet [Unsupported conversion from LONG to java.sql.Timestamp] [n/a]
	at org.hibernate.exception.internal.SQLExceptionTypeDelegate.convert(SQLExceptionTypeDelegate.java:55) ~[hibernate-core-6.6.11.Final.jar:6.6.11.Final]
	at org.hibernate.exception.internal.StandardSQLExceptionConverter.convert(StandardSQLExceptionConverter.java:58) ~[hibernate-core-6.6.11.Final.jar:6.6.11.Final]
	at org.hibernate.engine.jdbc.spi.SqlExceptionHelper.convert(SqlExceptionHelper.java:108) ~[hibernate-core-6.6.11.Final.jar:6.6.11.Final]
	at org.hibernate.engine.jdbc.spi.SqlExceptionHelper.convert(SqlExceptionHelper.java:94) ~[hibernate-core-6.6.11.Final.jar:6.6.11.Final]
	at org.hibernate.sql.results.jdbc.internal.JdbcValuesResultSetImpl.getCurrentRowValue(JdbcValuesResultSetImpl.java:395) ~[hibernate-core-6.6.11.Final.jar:6.6.11.Final]
	at org.hibernate.sql.results.internal.RowProcessingStateStandardImpl.getJdbcValue(RowProcessingStateStandardImpl.java:152) ~[hibernate-core-6.6.11.Final.jar:6.6.11.Final]
	at org.hibernate.sql.results.graph.basic.BasicResultAssembler.extractRawValue(BasicResultAssembler.java:54) ~[hibernate-core-6.6.11.Final.jar:6.6.11.Final]
	at org.hibernate.sql.results.graph.basic.BasicResultAssembler.assemble(BasicResultAssembler.java:60) ~[hibernate-core-6.6.11.Final.jar:6.6.11.Final]
	at org.hibernate.sql.results.graph.entity.internal.EntityInitializerImpl.extractConcreteTypeStateValues(EntityInitializerImpl.java:1607) ~[hibernate-core-6.6.11.Final.jar:6.6.11.Final]
	at org.hibernate.sql.results.graph.entity.internal.EntityInitializerImpl.initializeEntityInstance(EntityInitializerImpl.java:1333) ~[hibernate-core-6.6.11.Final.jar:6.6.11.Final]
	at org.hibernate.sql.results.graph.entity.internal.EntityInitializerImpl.initializeInstance(EntityInitializerImpl.java:1312) ~[hibernate-core-6.6.11.Final.jar:6.6.11.Final]
	at org.hibernate.sql.results.graph.entity.internal.EntityInitializerImpl.initializeInstance(EntityInitializerImpl.java:97) ~[hibernate-core-6.6.11.Final.jar:6.6.11.Final]
	at org.hibernate.sql.results.internal.StandardRowReader.coordinateInitializers(StandardRowReader.java:244) ~[hibernate-core-6.6.11.Final.jar:6.6.11.Final]
	at org.hibernate.sql.results.internal.StandardRowReader.readRow(StandardRowReader.java:141) ~[hibernate-core-6.6.11.Final.jar:6.6.11.Final]
	at org.hibernate.sql.results.spi.ListResultsConsumer.read(ListResultsConsumer.java:249) ~[hibernate-core-6.6.11.Final.jar:6.6.11.Final]
	at org.hibernate.sql.results.spi.ListResultsConsumer.consume(ListResultsConsumer.java:201) ~[hibernate-core-6.6.11.Final.jar:6.6.11.Final]
	at org.hibernate.sql.results.spi.ListResultsConsumer.consume(ListResultsConsumer.java:35) ~[hibernate-core-6.6.11.Final.jar:6.6.11.Final]
	at org.hibernate.sql.exec.internal.JdbcSelectExecutorStandardImpl.doExecuteQuery(JdbcSelectExecutorStandardImpl.java:224) ~[hibernate-core-6.6.11.Final.jar:6.6.11.Final]
	at org.hibernate.sql.exec.internal.JdbcSelectExecutorStandardImpl.executeQuery(JdbcSelectExecutorStandardImpl.java:102) ~[hibernate-core-6.6.11.Final.jar:6.6.11.Final]
	at org.hibernate.sql.exec.spi.JdbcSelectExecutor.executeQuery(JdbcSelectExecutor.java:91) ~[hibernate-core-6.6.11.Final.jar:6.6.11.Final]
	at org.hibernate.sql.exec.spi.JdbcSelectExecutor.list(JdbcSelectExecutor.java:165) ~[hibernate-core-6.6.11.Final.jar:6.6.11.Final]
	at org.hibernate.query.sqm.internal.ConcreteSqmSelectQueryPlan.lambda$new$1(ConcreteSqmSelectQueryPlan.java:152) ~[hibernate-core-6.6.11.Final.jar:6.6.11.Final]
	at org.hibernate.query.sqm.internal.ConcreteSqmSelectQueryPlan.withCacheableSqmInterpretation(ConcreteSqmSelectQueryPlan.java:442) ~[hibernate-core-6.6.11.Final.jar:6.6.11.Final]
	at org.hibernate.query.sqm.internal.ConcreteSqmSelectQueryPlan.performList(ConcreteSqmSelectQueryPlan.java:362) ~[hibernate-core-6.6.11.Final.jar:6.6.11.Final]
	at org.hibernate.query.sqm.internal.QuerySqmImpl.doList(QuerySqmImpl.java:380) ~[hibernate-core-6.6.11.Final.jar:6.6.11.Final]
	at org.hibernate.query.spi.AbstractSelectionQuery.list(AbstractSelectionQuery.java:143) ~[hibernate-core-6.6.11.Final.jar:6.6.11.Final]
	at org.hibernate.query.Query.getResultList(Query.java:120) ~[hibernate-core-6.6.11.Final.jar:6.6.11.Final]
	at org.springframework.data.jpa.repository.support.SimpleJpaRepository.findAll(SimpleJpaRepository.java:395) ~[spring-data-jpa-3.4.4.jar:3.4.4]
	at java.base/jdk.internal.reflect.DirectMethodHandleAccessor.invoke(DirectMethodHandleAccessor.java:103) ~[na:na]
	at java.base/java.lang.reflect.Method.invoke(Method.java:580) ~[na:na]
	at org.springframework.aop.support.AopUtils.invokeJoinpointUsingReflection(AopUtils.java:359) ~[spring-aop-6.2.5.jar:6.2.5]
	at org.springframework.data.repository.core.support.RepositoryMethodInvoker$RepositoryFragmentMethodInvoker.lambda$new$0(RepositoryMethodInvoker.java:277) ~[spring-data-commons-3.4.4.jar:3.4.4]
	at org.springframework.data.repository.core.support.RepositoryMethodInvoker.doInvoke(RepositoryMethodInvoker.java:170) ~[spring-data-commons-3.4.4.jar:3.4.4]
	at org.springframework.data.repository.core.support.RepositoryMethodInvoker.invoke(RepositoryMethodInvoker.java:158) ~[spring-data-commons-3.4.4.jar:3.4.4]
	at org.springframework.data.repository.core.support.RepositoryComposition$RepositoryFragments.invoke(RepositoryComposition.java:515) ~[spring-data-commons-3.4.4.jar:3.4.4]
	at org.springframework.data.repository.core.support.RepositoryComposition.invoke(RepositoryComposition.java:284) ~[spring-data-commons-3.4.4.jar:3.4.4]
	at org.springframework.data.repository.core.support.RepositoryFactorySupport$ImplementationMethodExecutionInterceptor.invoke(RepositoryFactorySupport.java:731) ~[spring-data-commons-3.4.4.jar:3.4.4]
	at org.springframework.aop.framework.ReflectiveMethodInvocation.proceed(ReflectiveMethodInvocation.java:184) ~[spring-aop-6.2.5.jar:6.2.5]
	at org.springframework.data.repository.core.support.QueryExecutorMethodInterceptor.doInvoke(QueryExecutorMethodInterceptor.java:174) ~[spring-data-commons-3.4.4.jar:3.4.4]
	at org.springframework.data.repository.core.support.QueryExecutorMethodInterceptor.invoke(QueryExecutorMethodInterceptor.java:149) ~[spring-data-commons-3.4.4.jar:3.4.4]
	at org.springframework.aop.framework.ReflectiveMethodInvocation.proceed(ReflectiveMethodInvocation.java:184) ~[spring-aop-6.2.5.jar:6.2.5]
	at org.springframework.data.projection.DefaultMethodInvokingMethodInterceptor.invoke(DefaultMethodInvokingMethodInterceptor.java:69) ~[spring-data-commons-3.4.4.jar:3.4.4]
	at org.springframework.aop.framework.ReflectiveMethodInvocation.proceed(ReflectiveMethodInvocation.java:184) ~[spring-aop-6.2.5.jar:6.2.5]
	at org.springframework.transaction.interceptor.TransactionAspectSupport.invokeWithinTransaction(TransactionAspectSupport.java:380) ~[spring-tx-6.2.5.jar:6.2.5]
	at org.springframework.transaction.interceptor.TransactionInterceptor.invoke(TransactionInterceptor.java:119) ~[spring-tx-6.2.5.jar:6.2.5]
	at org.springframework.aop.framework.ReflectiveMethodInvocation.proceed(ReflectiveMethodInvocation.java:184) ~[spring-aop-6.2.5.jar:6.2.5]
	at org.springframework.dao.support.PersistenceExceptionTranslationInterceptor.invoke(PersistenceExceptionTranslationInterceptor.java:138) ~[spring-tx-6.2.5.jar:6.2.5]
	... 62 common frames omitted
Caused by: java.sql.SQLDataException: Unsupported conversion from LONG to java.sql.Timestamp
	at com.mysql.cj.jdbc.exceptions.SQLError.createSQLException(SQLError.java:114) ~[mysql-connector-java-8.0.28.jar:8.0.28]
	at com.mysql.cj.jdbc.exceptions.SQLError.createSQLException(SQLError.java:97) ~[mysql-connector-java-8.0.28.jar:8.0.28]
	at com.mysql.cj.jdbc.exceptions.SQLError.createSQLException(SQLError.java:89) ~[mysql-connector-java-8.0.28.jar:8.0.28]
	at com.mysql.cj.jdbc.exceptions.SQLError.createSQLException(SQLError.java:63) ~[mysql-connector-java-8.0.28.jar:8.0.28]
	at com.mysql.cj.jdbc.exceptions.SQLError.createSQLException(SQLError.java:73) ~[mysql-connector-java-8.0.28.jar:8.0.28]
	at com.mysql.cj.jdbc.exceptions.SQLExceptionsMapping.translateException(SQLExceptionsMapping.java:96) ~[mysql-connector-java-8.0.28.jar:8.0.28]
	at com.mysql.cj.jdbc.result.ResultSetImpl.getTimestamp(ResultSetImpl.java:947) ~[mysql-connector-java-8.0.28.jar:8.0.28]
	at com.zaxxer.hikari.pool.HikariProxyResultSet.getTimestamp(HikariProxyResultSet.java) ~[HikariCP-5.1.0.jar:na]
	at org.hibernate.type.descriptor.jdbc.TimestampJdbcType$2.doExtract(TimestampJdbcType.java:111) ~[hibernate-core-6.6.11.Final.jar:6.6.11.Final]
	at org.hibernate.type.descriptor.jdbc.BasicExtractor.extract(BasicExtractor.java:44) ~[hibernate-core-6.6.11.Final.jar:6.6.11.Final]
	at org.hibernate.sql.results.jdbc.internal.JdbcValuesResultSetImpl.getCurrentRowValue(JdbcValuesResultSetImpl.java:387) ~[hibernate-core-6.6.11.Final.jar:6.6.11.Final]
	... 104 common frames omitted
Caused by: com.mysql.cj.exceptions.DataConversionException: Unsupported conversion from LONG to java.sql.Timestamp
	at com.mysql.cj.result.DefaultValueFactory.unsupported(DefaultValueFactory.java:70) ~[mysql-connector-java-8.0.28.jar:8.0.28]
	at com.mysql.cj.result.DefaultValueFactory.createFromLong(DefaultValueFactory.java:91) ~[mysql-connector-java-8.0.28.jar:8.0.28]
	at com.mysql.cj.result.AbstractDateTimeValueFactory.createFromBytes(AbstractDateTimeValueFactory.java:124) ~[mysql-connector-java-8.0.28.jar:8.0.28]
	at com.mysql.cj.protocol.a.MysqlTextValueDecoder.decodeByteArray(MysqlTextValueDecoder.java:143) ~[mysql-connector-java-8.0.28.jar:8.0.28]
	at com.mysql.cj.protocol.result.AbstractResultsetRow.decodeAndCreateReturnValue(AbstractResultsetRow.java:135) ~[mysql-connector-java-8.0.28.jar:8.0.28]
	at com.mysql.cj.protocol.result.AbstractResultsetRow.getValueFromBytes(AbstractResultsetRow.java:243) ~[mysql-connector-java-8.0.28.jar:8.0.28]
	at com.mysql.cj.protocol.a.result.ByteArrayRow.getValue(ByteArrayRow.java:91) ~[mysql-connector-java-8.0.28.jar:8.0.28]
	... 109 common frames omitted

2025-12-08T22:09:26.863+01:00 DEBUG 19584 --- [commesse] [.1-8080-exec-10] o.s.web.servlet.DispatcherServlet        : "FORWARD" dispatch for GET "/commesse-0.0.1-SNAPSHOT/error", parameters={}
2025-12-08T22:09:26.865+01:00 DEBUG 19584 --- [commesse] [.1-8080-exec-10] s.w.s.m.m.a.RequestMappingHandlerMapping : Mapped to org.springframework.boot.autoconfigure.web.servlet.error.BasicErrorController#error(HttpServletRequest)
2025-12-08T22:09:26.865+01:00 DEBUG 19584 --- [commesse] [0.1-8080-exec-8] o.s.w.s.m.m.a.HttpEntityMethodProcessor  : Using 'application/json', given [application/json, text/plain, */*] and supported [application/json, application/*+json]
2025-12-08T22:09:26.867+01:00 DEBUG 19584 --- [commesse] [.1-8080-exec-10] o.s.w.s.m.m.a.HttpEntityMethodProcessor  : Using 'application/json', given [application/json, text/plain, */*] and supported [application/json, application/*+json]
2025-12-08T22:09:26.867+01:00 DEBUG 19584 --- [commesse] [0.1-8080-exec-8] o.s.w.s.m.m.a.HttpEntityMethodProcessor  : Nothing to write: null body
2025-12-08T22:09:26.868+01:00 DEBUG 19584 --- [commesse] [.1-8080-exec-10] o.s.w.s.m.m.a.HttpEntityMethodProcessor  : Writing [{timestamp=Mon Dec 08 22:09:26 GMT+01:00 2025, status=500, error=Internal Server Error, path=/commes (truncated)...]
2025-12-08T22:09:26.868+01:00 DEBUG 19584 --- [commesse] [0.1-8080-exec-8] o.s.web.servlet.DispatcherServlet        : Completed 200 OK
2025-12-08T22:09:26.877+01:00 DEBUG 19584 --- [commesse] [0.1-8080-exec-4] o.s.web.servlet.DispatcherServlet        : Exiting from "FORWARD" dispatch, status 500
2025-12-08T22:09:26.877+01:00 DEBUG 19584 --- [commesse] [0.1-8080-exec-5] o.s.web.servlet.DispatcherServlet        : Exiting from "FORWARD" dispatch, status 500
2025-12-08T22:09:26.878+01:00 DEBUG 19584 --- [commesse] [0.1-8080-exec-2] o.s.web.servlet.DispatcherServlet        : Exiting from "FORWARD" dispatch, status 500
2025-12-08T22:09:26.877+01:00 DEBUG 19584 --- [commesse] [0.1-8080-exec-7] o.s.web.servlet.DispatcherServlet        : Exiting from "FORWARD" dispatch, status 500
2025-12-08T22:09:26.878+01:00 DEBUG 19584 --- [commesse] [.1-8080-exec-10] o.s.web.servlet.DispatcherServlet        : Exiting from "FORWARD" dispatch, status 500
2025-12-08T22:09:26.896+01:00 DEBUG 19584 --- [commesse] [0.1-8080-exec-1] o.s.web.servlet.DispatcherServlet        : GET "/commesse-0.0.1-SNAPSHOT/api/attivitaAssegnate/getCountTotali?codice_commessa=undefined&parameterOfCalculate=NGC", parameters={masked}
2025-12-08T22:09:26.897+01:00 DEBUG 19584 --- [commesse] [0.1-8080-exec-1] s.w.s.m.m.a.RequestMappingHandlerMapping : Mapped to com.gestione.commesse.controller.AttivitaAssegnateController#getCountTotali(String, String)
2025-12-08T22:09:26.900+01:00  INFO 19584 --- [commesse] [0.1-8080-exec-1] c.g.c.c.AttivitaAssegnateController      : com.gestione.commesse.controller.AttivitaAssegnateController : getCountTotali
2025-12-08T22:09:26.910+01:00 DEBUG 19584 --- [commesse] [0.1-8080-exec-1] org.hibernate.SQL                        : 
    SELECT
        sum((attivita_assegnate.numero_gg_u_compensazione)) 
    FROM
        gestione_commesse.attivita_assegnate 
    where
        codice_commessa = ?
Hibernate: 
    SELECT
        sum((attivita_assegnate.numero_gg_u_compensazione)) 
    FROM
        gestione_commesse.attivita_assegnate 
    where
        codice_commessa = ?
2025-12-08T22:09:26.915+01:00 DEBUG 19584 --- [commesse] [0.1-8080-exec-3] o.s.web.servlet.DispatcherServlet        : GET "/commesse-0.0.1-SNAPSHOT/api/attivitaAssegnate/getCountTotali?codice_commessa=undefined&parameterOfCalculate=CQR", parameters={masked}
2025-12-08T22:09:26.916+01:00 DEBUG 19584 --- [commesse] [0.1-8080-exec-3] s.w.s.m.m.a.RequestMappingHandlerMapping : Mapped to com.gestione.commesse.controller.AttivitaAssegnateController#getCountTotali(String, String)
2025-12-08T22:09:26.917+01:00 DEBUG 19584 --- [commesse] [0.1-8080-exec-6] o.s.web.servlet.DispatcherServlet        : GET "/commesse-0.0.1-SNAPSHOT/api/attivitaAssegnate/getCountTotali?codice_commessa=undefined&parameterOfCalculate=TGR", parameters={masked}
2025-12-08T22:09:26.918+01:00  INFO 19584 --- [commesse] [0.1-8080-exec-3] c.g.c.c.AttivitaAssegnateController      : com.gestione.commesse.controller.AttivitaAssegnateController : getCountTotali
2025-12-08T22:09:26.918+01:00 DEBUG 19584 --- [commesse] [0.1-8080-exec-6] s.w.s.m.m.a.RequestMappingHandlerMapping : Mapped to com.gestione.commesse.controller.AttivitaAssegnateController#getCountTotali(String, String)
2025-12-08T22:09:26.918+01:00 DEBUG 19584 --- [commesse] [0.1-8080-exec-8] o.s.web.servlet.DispatcherServlet        : GET "/commesse-0.0.1-SNAPSHOT/api/attivitaAssegnate/getCountTotali?codice_commessa=undefined&parameterOfCalculate=R", parameters={masked}
2025-12-08T22:09:26.920+01:00 DEBUG 19584 --- [commesse] [0.1-8080-exec-8] s.w.s.m.m.a.RequestMappingHandlerMapping : Mapped to com.gestione.commesse.controller.AttivitaAssegnateController#getCountTotali(String, String)
2025-12-08T22:09:26.920+01:00 DEBUG 19584 --- [commesse] [0.1-8080-exec-2] o.s.web.servlet.DispatcherServlet        : GET "/commesse-0.0.1-SNAPSHOT/api/attivitaAssegnate/getCountTotali?codice_commessa=undefined&parameterOfCalculate=C", parameters={masked}
2025-12-08T22:09:26.920+01:00  INFO 19584 --- [commesse] [0.1-8080-exec-6] c.g.c.c.AttivitaAssegnateController      : com.gestione.commesse.controller.AttivitaAssegnateController : getCountTotali
2025-12-08T22:09:26.921+01:00 DEBUG 19584 --- [commesse] [0.1-8080-exec-2] s.w.s.m.m.a.RequestMappingHandlerMapping : Mapped to com.gestione.commesse.controller.AttivitaAssegnateController#getCountTotali(String, String)
2025-12-08T22:09:26.921+01:00 DEBUG 19584 --- [commesse] [0.1-8080-exec-3] org.hibernate.SQL                        : 
    SELECT
        sum((attivita_assegnate.costo_quotidiano_risorsa)) 
    FROM
        gestione_commesse.attivita_assegnate 
    where
        codice_commessa = ?
Hibernate: 
    SELECT
        sum((attivita_assegnate.costo_quotidiano_risorsa)) 
    FROM
        gestione_commesse.attivita_assegnate 
    where
        codice_commessa = ?
2025-12-08T22:09:26.922+01:00  INFO 19584 --- [commesse] [0.1-8080-exec-8] c.g.c.c.AttivitaAssegnateController      : com.gestione.commesse.controller.AttivitaAssegnateController : getCountTotali
2025-12-08T22:09:26.923+01:00  INFO 19584 --- [commesse] [0.1-8080-exec-2] c.g.c.c.AttivitaAssegnateController      : com.gestione.commesse.controller.AttivitaAssegnateController : getCountTotali
2025-12-08T22:09:26.923+01:00 DEBUG 19584 --- [commesse] [0.1-8080-exec-6] org.hibernate.SQL                        : 
    SELECT
        sum((attivita_assegnate.tariffa_giornaliera_richiesta_in_offerta)) 
    FROM
        gestione_commesse.attivita_assegnate 
    where
        codice_commessa = ?
Hibernate: 
    SELECT
        sum((attivita_assegnate.tariffa_giornaliera_richiesta_in_offerta)) 
    FROM
        gestione_commesse.attivita_assegnate 
    where
        codice_commessa = ?
2025-12-08T22:09:26.924+01:00 DEBUG 19584 --- [commesse] [0.1-8080-exec-8] org.hibernate.SQL                        : 
    SELECT
        sum((attivita_assegnate.totale_ricavo_prodotto_alla_data)) 
    FROM
        gestione_commesse.attivita_assegnate 
    where
        codice_commessa = ?
Hibernate: 
    SELECT
        sum((attivita_assegnate.totale_ricavo_prodotto_alla_data)) 
    FROM
        gestione_commesse.attivita_assegnate 
    where
        codice_commessa = ?
2025-12-08T22:09:26.925+01:00 DEBUG 19584 --- [commesse] [0.1-8080-exec-3] o.s.w.s.m.m.a.HttpEntityMethodProcessor  : Using 'application/json', given [application/json, text/plain, */*] and supported [application/json, application/*+json]
2025-12-08T22:09:26.926+01:00 DEBUG 19584 --- [commesse] [0.1-8080-exec-9] o.s.web.servlet.DispatcherServlet        : GET "/commesse-0.0.1-SNAPSHOT/api/attivitaAssegnate/getCountTotali?codice_commessa=undefined&parameterOfCalculate=M", parameters={masked}
2025-12-08T22:09:26.925+01:00 DEBUG 19584 --- [commesse] [0.1-8080-exec-2] org.hibernate.SQL                        : 
    SELECT
        sum((attivita_assegnate.costo_totale_previsto_risorsa)) 
    FROM
        gestione_commesse.attivita_assegnate 
    where
        codice_commessa = ?
2025-12-08T22:09:26.926+01:00 DEBUG 19584 --- [commesse] [0.1-8080-exec-3] o.s.w.s.m.m.a.HttpEntityMethodProcessor  : Nothing to write: null body
Hibernate: 
    SELECT
        sum((attivita_assegnate.costo_totale_previsto_risorsa)) 
    FROM
        gestione_commesse.attivita_assegnate 
    where
        codice_commessa = ?
2025-12-08T22:09:26.927+01:00 DEBUG 19584 --- [commesse] [0.1-8080-exec-9] s.w.s.m.m.a.RequestMappingHandlerMapping : Mapped to com.gestione.commesse.controller.AttivitaAssegnateController#getCountTotali(String, String)
2025-12-08T22:09:26.927+01:00 DEBUG 19584 --- [commesse] [0.1-8080-exec-3] o.s.web.servlet.DispatcherServlet        : Completed 200 OK
2025-12-08T22:09:26.928+01:00 DEBUG 19584 --- [commesse] [0.1-8080-exec-6] o.s.w.s.m.m.a.HttpEntityMethodProcessor  : Using 'application/json', given [application/json, text/plain, */*] and supported [application/json, application/*+json]
2025-12-08T22:09:26.928+01:00 DEBUG 19584 --- [commesse] [0.1-8080-exec-8] o.s.w.s.m.m.a.HttpEntityMethodProcessor  : Using 'application/json', given [application/json, text/plain, */*] and supported [application/json, application/*+json]
2025-12-08T22:09:26.928+01:00  INFO 19584 --- [commesse] [0.1-8080-exec-9] c.g.c.c.AttivitaAssegnateController      : com.gestione.commesse.controller.AttivitaAssegnateController : getCountTotali
2025-12-08T22:09:26.929+01:00 DEBUG 19584 --- [commesse] [0.1-8080-exec-8] o.s.w.s.m.m.a.HttpEntityMethodProcessor  : Nothing to write: null body
2025-12-08T22:09:26.929+01:00 DEBUG 19584 --- [commesse] [0.1-8080-exec-6] o.s.w.s.m.m.a.HttpEntityMethodProcessor  : Nothing to write: null body
2025-12-08T22:09:26.929+01:00 DEBUG 19584 --- [commesse] [0.1-8080-exec-8] o.s.web.servlet.DispatcherServlet        : Completed 200 OK
2025-12-08T22:09:26.929+01:00 DEBUG 19584 --- [commesse] [0.1-8080-exec-6] o.s.web.servlet.DispatcherServlet        : Completed 200 OK
2025-12-08T22:09:26.930+01:00 DEBUG 19584 --- [commesse] [0.1-8080-exec-2] o.s.w.s.m.m.a.HttpEntityMethodProcessor  : Using 'application/json', given [application/json, text/plain, */*] and supported [application/json, application/*+json]
2025-12-08T22:09:26.931+01:00 DEBUG 19584 --- [commesse] [0.1-8080-exec-9] org.hibernate.SQL                        : 
    SELECT
        sum((attivita_assegnate.margine_prodotto_euro_alla_data)) 
    FROM
        gestione_commesse.attivita_assegnate 
    where
        codice_commessa = ?
Hibernate: 
    SELECT
        sum((attivita_assegnate.margine_prodotto_euro_alla_data)) 
    FROM
        gestione_commesse.attivita_assegnate 
    where
        codice_commessa = ?
2025-12-08T22:09:26.933+01:00 DEBUG 19584 --- [commesse] [0.1-8080-exec-1] o.s.w.s.m.m.a.HttpEntityMethodProcessor  : Using 'application/json', given [application/json, text/plain, */*] and supported [application/json, application/*+json]
2025-12-08T22:09:26.936+01:00 DEBUG 19584 --- [commesse] [0.1-8080-exec-1] o.s.w.s.m.m.a.HttpEntityMethodProcessor  : Nothing to write: null body
2025-12-08T22:09:26.931+01:00 DEBUG 19584 --- [commesse] [0.1-8080-exec-2] o.s.w.s.m.m.a.HttpEntityMethodProcessor  : Nothing to write: null body
2025-12-08T22:09:26.938+01:00 DEBUG 19584 --- [commesse] [0.1-8080-exec-1] o.s.web.servlet.DispatcherServlet        : Completed 200 OK
2025-12-08T22:09:26.938+01:00 DEBUG 19584 --- [commesse] [0.1-8080-exec-2] o.s.web.servlet.DispatcherServlet        : Completed 200 OK
2025-12-08T22:09:26.942+01:00 DEBUG 19584 --- [commesse] [0.1-8080-exec-2] o.s.web.servlet.DispatcherServlet        : GET "/commesse-0.0.1-SNAPSHOT/api/attivitaAssegnate/getMarginePercent?codice_commessa=undefined", parameters={masked}
2025-12-08T22:09:26.943+01:00 DEBUG 19584 --- [commesse] [0.1-8080-exec-2] s.w.s.m.m.a.RequestMappingHandlerMapping : Mapped to com.gestione.commesse.controller.AttivitaAssegnateController#getMarginePercent(String)
2025-12-08T22:09:26.945+01:00 DEBUG 19584 --- [commesse] [0.1-8080-exec-9] o.s.w.s.m.m.a.HttpEntityMethodProcessor  : Using 'application/json', given [application/json, text/plain, */*] and supported [application/json, application/*+json]
2025-12-08T22:09:26.946+01:00 DEBUG 19584 --- [commesse] [0.1-8080-exec-9] o.s.w.s.m.m.a.HttpEntityMethodProcessor  : Nothing to write: null body
2025-12-08T22:09:26.947+01:00 DEBUG 19584 --- [commesse] [0.1-8080-exec-9] o.s.web.servlet.DispatcherServlet        : Completed 200 OK
2025-12-08T22:09:26.947+01:00  INFO 19584 --- [commesse] [0.1-8080-exec-2] c.g.c.c.AttivitaAssegnateController      : com.gestione.commesse.controller.AttivitaAssegnateController : getMarginePercent
2025-12-08T22:09:26.949+01:00 DEBUG 19584 --- [commesse] [0.1-8080-exec-7] o.s.web.servlet.DispatcherServlet        : GET "/commesse-0.0.1-SNAPSHOT/api/clienti/getClientiByTipoSoggetto?tipo_soggetto=CLIENTE", parameters={masked}
2025-12-08T22:09:26.951+01:00 DEBUG 19584 --- [commesse] [0.1-8080-exec-2] org.hibernate.SQL                        : 
    SELECT
        sum((attivita_assegnate.margine_prodotto_euro_alla_data)) 
    FROM
        gestione_commesse.attivita_assegnate 
    where
        codice_commessa = ?
Hibernate: 
    SELECT
        sum((attivita_assegnate.margine_prodotto_euro_alla_data)) 
    FROM
        gestione_commesse.attivita_assegnate 
    where
        codice_commessa = ?
2025-12-08T22:09:26.942+01:00 DEBUG 19584 --- [commesse] [0.1-8080-exec-1] o.s.web.servlet.DispatcherServlet        : GET "/commesse-0.0.1-SNAPSHOT/api/foglioCosto/getById?codice_commessa=undefined", parameters={masked}
2025-12-08T22:09:26.955+01:00 DEBUG 19584 --- [commesse] [0.1-8080-exec-1] s.w.s.m.m.a.RequestMappingHandlerMapping : Mapped to com.gestione.commesse.controller.FoglioCostoController#getCommessaById(String)
2025-12-08T22:09:26.955+01:00 DEBUG 19584 --- [commesse] [0.1-8080-exec-7] s.w.s.m.m.a.RequestMappingHandlerMapping : Mapped to com.gestione.commesse.controller.ClientiController#getClientiByTipoSoggetto(String)
2025-12-08T22:09:26.957+01:00  INFO 19584 --- [commesse] [0.1-8080-exec-7] c.g.c.controller.ClientiController       : com.gestione.commesse.controller.ClientiController : getClientiByTipoSoggetto
2025-12-08T22:09:26.958+01:00  INFO 19584 --- [commesse] [0.1-8080-exec-1] c.g.c.controller.FoglioCostoController   : com.gestione.commesse.controller.FoglioCostoController : getCommessaById
2025-12-08T22:09:26.958+01:00  INFO 19584 --- [commesse] [0.1-8080-exec-2] .g.c.s.i.AttivitaAssegnateImplementation : Margine totale null
2025-12-08T22:09:26.959+01:00 DEBUG 19584 --- [commesse] [0.1-8080-exec-2] org.hibernate.SQL                        : 
    SELECT
        sum((attivita_assegnate.totale_ricavo_prodotto_alla_data)) 
    FROM
        gestione_commesse.attivita_assegnate 
    where
        codice_commessa = ?
Hibernate: 
    SELECT
        sum((attivita_assegnate.totale_ricavo_prodotto_alla_data)) 
    FROM
        gestione_commesse.attivita_assegnate 
    where
        codice_commessa = ?
2025-12-08T22:09:26.961+01:00 DEBUG 19584 --- [commesse] [0.1-8080-exec-7] org.hibernate.SQL                        : 
    select
        c1_0.codice_fiscale,
        c1_0.data_inserimento,
        c1_0.idtipopagatore,
        c1_0.idtiporapporto,
        c1_0.indirizzo_email_azienda,
        c1_0.iscritti_albo,
        c1_0.note,
        c1_0.partita_iva,
        c1_0.rag_sociale,
        c1_0.recapito_pec,
        c1_0.recapito_telefonico_azienda,
        c1_0.tipo_soggetto 
    from
        clienti c1_0 
    where
        c1_0.tipo_soggetto=?
Hibernate: 
    select
        c1_0.codice_fiscale,
        c1_0.data_inserimento,
        c1_0.idtipopagatore,
        c1_0.idtiporapporto,
        c1_0.indirizzo_email_azienda,
        c1_0.iscritti_albo,
        c1_0.note,
        c1_0.partita_iva,
        c1_0.rag_sociale,
        c1_0.recapito_pec,
        c1_0.recapito_telefonico_azienda,
        c1_0.tipo_soggetto 
    from
        clienti c1_0 
    where
        c1_0.tipo_soggetto=?
2025-12-08T22:09:26.963+01:00  WARN 19584 --- [commesse] [0.1-8080-exec-7] o.h.engine.jdbc.spi.SqlExceptionHelper   : SQL Error: 1146, SQLState: 42S02
2025-12-08T22:09:26.964+01:00 ERROR 19584 --- [commesse] [0.1-8080-exec-7] o.h.engine.jdbc.spi.SqlExceptionHelper   : Table 'gestione_commesse.clienti' doesn't exist
2025-12-08T22:09:26.963+01:00  INFO 19584 --- [commesse] [0.1-8080-exec-2] .g.c.s.i.AttivitaAssegnateImplementation : Totale ricavo null
2025-12-08T22:09:26.966+01:00 DEBUG 19584 --- [commesse] [0.1-8080-exec-2] org.hibernate.SQL                        : 
    SELECT
        sum((attivita_assegnate.margine_prodotto_euro_alla_data)) 
    FROM
        gestione_commesse.attivita_assegnate 
    where
        codice_commessa = ?
Hibernate: 
    SELECT
        sum((attivita_assegnate.margine_prodotto_euro_alla_data)) 
    FROM
        gestione_commesse.attivita_assegnate 
    where
        codice_commessa = ?
2025-12-08T22:09:26.967+01:00 DEBUG 19584 --- [commesse] [0.1-8080-exec-7] o.s.web.servlet.DispatcherServlet        : Failed to complete request: org.springframework.dao.InvalidDataAccessResourceUsageException: JDBC exception executing SQL [select c1_0.codice_fiscale,c1_0.data_inserimento,c1_0.idtipopagatore,c1_0.idtiporapporto,c1_0.indirizzo_email_azienda,c1_0.iscritti_albo,c1_0.note,c1_0.partita_iva,c1_0.rag_sociale,c1_0.recapito_pec,c1_0.recapito_telefonico_azienda,c1_0.tipo_soggetto from clienti c1_0 where c1_0.tipo_soggetto=?] [Table 'gestione_commesse.clienti' doesn't exist] [n/a]; SQL [n/a]
2025-12-08T22:09:26.967+01:00 ERROR 19584 --- [commesse] [0.1-8080-exec-7] o.s.b.w.servlet.support.ErrorPageFilter  : Forwarding to error page from request [/api/clienti/getClientiByTipoSoggetto] due to exception [JDBC exception executing SQL [select c1_0.codice_fiscale,c1_0.data_inserimento,c1_0.idtipopagatore,c1_0.idtiporapporto,c1_0.indirizzo_email_azienda,c1_0.iscritti_albo,c1_0.note,c1_0.partita_iva,c1_0.rag_sociale,c1_0.recapito_pec,c1_0.recapito_telefonico_azienda,c1_0.tipo_soggetto from clienti c1_0 where c1_0.tipo_soggetto=?] [Table 'gestione_commesse.clienti' doesn't exist] [n/a]; SQL [n/a]]

org.springframework.dao.InvalidDataAccessResourceUsageException: JDBC exception executing SQL [select c1_0.codice_fiscale,c1_0.data_inserimento,c1_0.idtipopagatore,c1_0.idtiporapporto,c1_0.indirizzo_email_azienda,c1_0.iscritti_albo,c1_0.note,c1_0.partita_iva,c1_0.rag_sociale,c1_0.recapito_pec,c1_0.recapito_telefonico_azienda,c1_0.tipo_soggetto from clienti c1_0 where c1_0.tipo_soggetto=?] [Table 'gestione_commesse.clienti' doesn't exist] [n/a]; SQL [n/a]
	at org.springframework.orm.jpa.vendor.HibernateJpaDialect.convertHibernateAccessException(HibernateJpaDialect.java:277) ~[spring-orm-6.2.5.jar:6.2.5]
	at org.springframework.orm.jpa.vendor.HibernateJpaDialect.translateExceptionIfPossible(HibernateJpaDialect.java:241) ~[spring-orm-6.2.5.jar:6.2.5]
	at org.springframework.orm.jpa.AbstractEntityManagerFactoryBean.translateExceptionIfPossible(AbstractEntityManagerFactoryBean.java:560) ~[spring-orm-6.2.5.jar:6.2.5]
	at org.springframework.dao.support.ChainedPersistenceExceptionTranslator.translateExceptionIfPossible(ChainedPersistenceExceptionTranslator.java:61) ~[spring-tx-6.2.5.jar:6.2.5]
	at org.springframework.dao.support.DataAccessUtils.translateIfNecessary(DataAccessUtils.java:343) ~[spring-tx-6.2.5.jar:6.2.5]
	at org.springframework.dao.support.PersistenceExceptionTranslationInterceptor.invoke(PersistenceExceptionTranslationInterceptor.java:160) ~[spring-tx-6.2.5.jar:6.2.5]
	at org.springframework.aop.framework.ReflectiveMethodInvocation.proceed(ReflectiveMethodInvocation.java:184) ~[spring-aop-6.2.5.jar:6.2.5]
	at org.springframework.data.jpa.repository.support.CrudMethodMetadataPostProcessor$CrudMethodMetadataPopulatingMethodInterceptor.invoke(CrudMethodMetadataPostProcessor.java:136) ~[spring-data-jpa-3.4.4.jar:3.4.4]
	at org.springframework.aop.framework.ReflectiveMethodInvocation.proceed(ReflectiveMethodInvocation.java:184) ~[spring-aop-6.2.5.jar:6.2.5]
	at org.springframework.aop.framework.JdkDynamicAopProxy.invoke(JdkDynamicAopProxy.java:223) ~[spring-aop-6.2.5.jar:6.2.5]
	at jdk.proxy3/jdk.proxy3.$Proxy128.findClientiByTipoSoggetto(Unknown Source) ~[na:na]
	at com.gestione.commesse.services.implementation.ClientiImplementation.getClientiByTipoSoggetto(ClientiImplementation.java:41) ~[classes/:0.0.1-SNAPSHOT]
	at com.gestione.commesse.controller.ClientiController.getClientiByTipoSoggetto(ClientiController.java:81) ~[classes/:0.0.1-SNAPSHOT]
	at java.base/jdk.internal.reflect.DirectMethodHandleAccessor.invoke(DirectMethodHandleAccessor.java:103) ~[na:na]
	at java.base/java.lang.reflect.Method.invoke(Method.java:580) ~[na:na]
	at org.springframework.web.method.support.InvocableHandlerMethod.doInvoke(InvocableHandlerMethod.java:258) ~[spring-web-6.2.5.jar:6.2.5]
	at org.springframework.web.method.support.InvocableHandlerMethod.invokeForRequest(InvocableHandlerMethod.java:191) ~[spring-web-6.2.5.jar:6.2.5]
	at org.springframework.web.servlet.mvc.method.annotation.ServletInvocableHandlerMethod.invokeAndHandle(ServletInvocableHandlerMethod.java:118) ~[spring-webmvc-6.2.5.jar:6.2.5]
	at org.springframework.web.servlet.mvc.method.annotation.RequestMappingHandlerAdapter.invokeHandlerMethod(RequestMappingHandlerAdapter.java:986) ~[spring-webmvc-6.2.5.jar:6.2.5]
	at org.springframework.web.servlet.mvc.method.annotation.RequestMappingHandlerAdapter.handleInternal(RequestMappingHandlerAdapter.java:891) ~[spring-webmvc-6.2.5.jar:6.2.5]
	at org.springframework.web.servlet.mvc.method.AbstractHandlerMethodAdapter.handle(AbstractHandlerMethodAdapter.java:87) ~[spring-webmvc-6.2.5.jar:6.2.5]
	at org.springframework.web.servlet.DispatcherServlet.doDispatch(DispatcherServlet.java:1089) ~[spring-webmvc-6.2.5.jar:6.2.5]
	at org.springframework.web.servlet.DispatcherServlet.doService(DispatcherServlet.java:979) ~[spring-webmvc-6.2.5.jar:6.2.5]
	at org.springframework.web.servlet.FrameworkServlet.processRequest(FrameworkServlet.java:1014) ~[spring-webmvc-6.2.5.jar:6.2.5]
	at org.springframework.web.servlet.FrameworkServlet.doGet(FrameworkServlet.java:903) ~[spring-webmvc-6.2.5.jar:6.2.5]
	at jakarta.servlet.http.HttpServlet.service(HttpServlet.java:564) ~[servlet-api.jar:6.0]
	at org.springframework.web.servlet.FrameworkServlet.service(FrameworkServlet.java:885) ~[spring-webmvc-6.2.5.jar:6.2.5]
	at jakarta.servlet.http.HttpServlet.service(HttpServlet.java:658) ~[servlet-api.jar:6.0]
	at org.apache.catalina.core.ApplicationFilterChain.internalDoFilter(ApplicationFilterChain.java:206) ~[catalina.jar:10.1.20]
	at org.apache.catalina.core.ApplicationFilterChain.doFilter(ApplicationFilterChain.java:150) ~[catalina.jar:10.1.20]
	at org.apache.tomcat.websocket.server.WsFilter.doFilter(WsFilter.java:51) ~[tomcat-websocket.jar:10.1.20]
	at org.apache.catalina.core.ApplicationFilterChain.internalDoFilter(ApplicationFilterChain.java:175) ~[catalina.jar:10.1.20]
	at org.apache.catalina.core.ApplicationFilterChain.doFilter(ApplicationFilterChain.java:150) ~[catalina.jar:10.1.20]
	at org.springframework.web.filter.RequestContextFilter.doFilterInternal(RequestContextFilter.java:100) ~[spring-web-6.2.5.jar:6.2.5]
	at org.springframework.web.filter.OncePerRequestFilter.doFilter(OncePerRequestFilter.java:116) ~[spring-web-6.2.5.jar:6.2.5]
	at org.apache.catalina.core.ApplicationFilterChain.internalDoFilter(ApplicationFilterChain.java:175) ~[catalina.jar:10.1.20]
	at org.apache.catalina.core.ApplicationFilterChain.doFilter(ApplicationFilterChain.java:150) ~[catalina.jar:10.1.20]
	at org.springframework.web.filter.FormContentFilter.doFilterInternal(FormContentFilter.java:93) ~[spring-web-6.2.5.jar:6.2.5]
	at org.springframework.web.filter.OncePerRequestFilter.doFilter(OncePerRequestFilter.java:116) ~[spring-web-6.2.5.jar:6.2.5]
	at org.apache.catalina.core.ApplicationFilterChain.internalDoFilter(ApplicationFilterChain.java:175) ~[catalina.jar:10.1.20]
	at org.apache.catalina.core.ApplicationFilterChain.doFilter(ApplicationFilterChain.java:150) ~[catalina.jar:10.1.20]
	at org.springframework.boot.web.servlet.support.ErrorPageFilter.doFilter(ErrorPageFilter.java:124) ~[spring-boot-3.4.4.jar:3.4.4]
	at org.springframework.boot.web.servlet.support.ErrorPageFilter$1.doFilterInternal(ErrorPageFilter.java:99) ~[spring-boot-3.4.4.jar:3.4.4]
	at org.springframework.web.filter.OncePerRequestFilter.doFilter(OncePerRequestFilter.java:116) ~[spring-web-6.2.5.jar:6.2.5]
	at org.springframework.boot.web.servlet.support.ErrorPageFilter.doFilter(ErrorPageFilter.java:117) ~[spring-boot-3.4.4.jar:3.4.4]
	at org.apache.catalina.core.ApplicationFilterChain.internalDoFilter(ApplicationFilterChain.java:175) ~[catalina.jar:10.1.20]
	at org.apache.catalina.core.ApplicationFilterChain.doFilter(ApplicationFilterChain.java:150) ~[catalina.jar:10.1.20]
	at org.springframework.web.filter.CharacterEncodingFilter.doFilterInternal(CharacterEncodingFilter.java:201) ~[spring-web-6.2.5.jar:6.2.5]
	at org.springframework.web.filter.OncePerRequestFilter.doFilter(OncePerRequestFilter.java:116) ~[spring-web-6.2.5.jar:6.2.5]
	at org.apache.catalina.core.ApplicationFilterChain.internalDoFilter(ApplicationFilterChain.java:175) ~[catalina.jar:10.1.20]
	at org.apache.catalina.core.ApplicationFilterChain.doFilter(ApplicationFilterChain.java:150) ~[catalina.jar:10.1.20]
	at org.apache.catalina.core.StandardWrapperValve.invoke(StandardWrapperValve.java:167) ~[catalina.jar:10.1.20]
	at org.apache.catalina.core.StandardContextValve.invoke(StandardContextValve.java:90) ~[catalina.jar:10.1.20]
	at org.apache.catalina.authenticator.AuthenticatorBase.invoke(AuthenticatorBase.java:482) ~[catalina.jar:10.1.20]
	at org.apache.catalina.core.StandardHostValve.invoke(StandardHostValve.java:115) ~[catalina.jar:10.1.20]
	at org.apache.catalina.valves.ErrorReportValve.invoke(ErrorReportValve.java:93) ~[catalina.jar:10.1.20]
	at org.apache.catalina.valves.AbstractAccessLogValve.invoke(AbstractAccessLogValve.java:673) ~[catalina.jar:10.1.20]
	at org.apache.catalina.core.StandardEngineValve.invoke(StandardEngineValve.java:74) ~[catalina.jar:10.1.20]
	at org.apache.catalina.connector.CoyoteAdapter.service(CoyoteAdapter.java:344) ~[catalina.jar:10.1.20]
	at org.apache.coyote.http11.Http11Processor.service(Http11Processor.java:391) ~[tomcat-coyote.jar:10.1.20]
	at org.apache.coyote.AbstractProcessorLight.process(AbstractProcessorLight.java:63) ~[tomcat-coyote.jar:10.1.20]
	at org.apache.coyote.AbstractProtocol$ConnectionHandler.process(AbstractProtocol.java:896) ~[tomcat-coyote.jar:10.1.20]
	at org.apache.tomcat.util.net.NioEndpoint$SocketProcessor.doRun(NioEndpoint.java:1736) ~[tomcat-coyote.jar:10.1.20]
	at org.apache.tomcat.util.net.SocketProcessorBase.run(SocketProcessorBase.java:52) ~[tomcat-coyote.jar:10.1.20]
	at org.apache.tomcat.util.threads.ThreadPoolExecutor.runWorker(ThreadPoolExecutor.java:1191) ~[tomcat-util.jar:10.1.20]
	at org.apache.tomcat.util.threads.ThreadPoolExecutor$Worker.run(ThreadPoolExecutor.java:659) ~[tomcat-util.jar:10.1.20]
	at org.apache.tomcat.util.threads.TaskThread$WrappingRunnable.run(TaskThread.java:63) ~[tomcat-util.jar:10.1.20]
	at java.base/java.lang.Thread.run(Thread.java:1583) ~[na:na]
Caused by: org.hibernate.exception.SQLGrammarException: JDBC exception executing SQL [select c1_0.codice_fiscale,c1_0.data_inserimento,c1_0.idtipopagatore,c1_0.idtiporapporto,c1_0.indirizzo_email_azienda,c1_0.iscritti_albo,c1_0.note,c1_0.partita_iva,c1_0.rag_sociale,c1_0.recapito_pec,c1_0.recapito_telefonico_azienda,c1_0.tipo_soggetto from clienti c1_0 where c1_0.tipo_soggetto=?] [Table 'gestione_commesse.clienti' doesn't exist] [n/a]
	at org.hibernate.exception.internal.SQLExceptionTypeDelegate.convert(SQLExceptionTypeDelegate.java:66) ~[hibernate-core-6.6.11.Final.jar:6.6.11.Final]
	at org.hibernate.exception.internal.StandardSQLExceptionConverter.convert(StandardSQLExceptionConverter.java:58) ~[hibernate-core-6.6.11.Final.jar:6.6.11.Final]
	at org.hibernate.engine.jdbc.spi.SqlExceptionHelper.convert(SqlExceptionHelper.java:108) ~[hibernate-core-6.6.11.Final.jar:6.6.11.Final]
	at org.hibernate.engine.jdbc.spi.SqlExceptionHelper.convert(SqlExceptionHelper.java:94) ~[hibernate-core-6.6.11.Final.jar:6.6.11.Final]
	at org.hibernate.sql.results.jdbc.internal.DeferredResultSetAccess.executeQuery(DeferredResultSetAccess.java:268) ~[hibernate-core-6.6.11.Final.jar:6.6.11.Final]
	at org.hibernate.sql.results.jdbc.internal.DeferredResultSetAccess.getResultSet(DeferredResultSetAccess.java:171) ~[hibernate-core-6.6.11.Final.jar:6.6.11.Final]
	at org.hibernate.sql.results.jdbc.internal.JdbcValuesResultSetImpl.<init>(JdbcValuesResultSetImpl.java:74) ~[hibernate-core-6.6.11.Final.jar:6.6.11.Final]
	at org.hibernate.sql.exec.internal.JdbcSelectExecutorStandardImpl.resolveJdbcValuesSource(JdbcSelectExecutorStandardImpl.java:355) ~[hibernate-core-6.6.11.Final.jar:6.6.11.Final]
	at org.hibernate.sql.exec.internal.JdbcSelectExecutorStandardImpl.doExecuteQuery(JdbcSelectExecutorStandardImpl.java:137) ~[hibernate-core-6.6.11.Final.jar:6.6.11.Final]
	at org.hibernate.sql.exec.internal.JdbcSelectExecutorStandardImpl.executeQuery(JdbcSelectExecutorStandardImpl.java:102) ~[hibernate-core-6.6.11.Final.jar:6.6.11.Final]
	at org.hibernate.sql.exec.spi.JdbcSelectExecutor.executeQuery(JdbcSelectExecutor.java:91) ~[hibernate-core-6.6.11.Final.jar:6.6.11.Final]
	at org.hibernate.sql.exec.spi.JdbcSelectExecutor.list(JdbcSelectExecutor.java:165) ~[hibernate-core-6.6.11.Final.jar:6.6.11.Final]
	at org.hibernate.query.sqm.internal.ConcreteSqmSelectQueryPlan.lambda$new$1(ConcreteSqmSelectQueryPlan.java:152) ~[hibernate-core-6.6.11.Final.jar:6.6.11.Final]
	at org.hibernate.query.sqm.internal.ConcreteSqmSelectQueryPlan.withCacheableSqmInterpretation(ConcreteSqmSelectQueryPlan.java:442) ~[hibernate-core-6.6.11.Final.jar:6.6.11.Final]
	at org.hibernate.query.sqm.internal.ConcreteSqmSelectQueryPlan.performList(ConcreteSqmSelectQueryPlan.java:362) ~[hibernate-core-6.6.11.Final.jar:6.6.11.Final]
	at org.hibernate.query.sqm.internal.QuerySqmImpl.doList(QuerySqmImpl.java:380) ~[hibernate-core-6.6.11.Final.jar:6.6.11.Final]
	at org.hibernate.query.spi.AbstractSelectionQuery.list(AbstractSelectionQuery.java:143) ~[hibernate-core-6.6.11.Final.jar:6.6.11.Final]
	at org.hibernate.query.Query.getResultList(Query.java:120) ~[hibernate-core-6.6.11.Final.jar:6.6.11.Final]
	at org.springframework.data.jpa.repository.query.JpaQueryExecution$CollectionExecution.doExecute(JpaQueryExecution.java:130) ~[spring-data-jpa-3.4.4.jar:3.4.4]
	at org.springframework.data.jpa.repository.query.JpaQueryExecution.execute(JpaQueryExecution.java:93) ~[spring-data-jpa-3.4.4.jar:3.4.4]
	at org.springframework.data.jpa.repository.query.AbstractJpaQuery.doExecute(AbstractJpaQuery.java:152) ~[spring-data-jpa-3.4.4.jar:3.4.4]
	at org.springframework.data.jpa.repository.query.AbstractJpaQuery.execute(AbstractJpaQuery.java:140) ~[spring-data-jpa-3.4.4.jar:3.4.4]
	at org.springframework.data.repository.core.support.RepositoryMethodInvoker.doInvoke(RepositoryMethodInvoker.java:170) ~[spring-data-commons-3.4.4.jar:3.4.4]
	at org.springframework.data.repository.core.support.RepositoryMethodInvoker.invoke(RepositoryMethodInvoker.java:158) ~[spring-data-commons-3.4.4.jar:3.4.4]
	at org.springframework.data.repository.core.support.QueryExecutorMethodInterceptor.doInvoke(QueryExecutorMethodInterceptor.java:170) ~[spring-data-commons-3.4.4.jar:3.4.4]
	at org.springframework.data.repository.core.support.QueryExecutorMethodInterceptor.invoke(QueryExecutorMethodInterceptor.java:149) ~[spring-data-commons-3.4.4.jar:3.4.4]
	at org.springframework.aop.framework.ReflectiveMethodInvocation.proceed(ReflectiveMethodInvocation.java:184) ~[spring-aop-6.2.5.jar:6.2.5]
	at org.springframework.data.projection.DefaultMethodInvokingMethodInterceptor.invoke(DefaultMethodInvokingMethodInterceptor.java:69) ~[spring-data-commons-3.4.4.jar:3.4.4]
	at org.springframework.aop.framework.ReflectiveMethodInvocation.proceed(ReflectiveMethodInvocation.java:184) ~[spring-aop-6.2.5.jar:6.2.5]
	at org.springframework.transaction.interceptor.TransactionAspectSupport.invokeWithinTransaction(TransactionAspectSupport.java:380) ~[spring-tx-6.2.5.jar:6.2.5]
	at org.springframework.transaction.interceptor.TransactionInterceptor.invoke(TransactionInterceptor.java:119) ~[spring-tx-6.2.5.jar:6.2.5]
	at org.springframework.aop.framework.ReflectiveMethodInvocation.proceed(ReflectiveMethodInvocation.java:184) ~[spring-aop-6.2.5.jar:6.2.5]
	at org.springframework.dao.support.PersistenceExceptionTranslationInterceptor.invoke(PersistenceExceptionTranslationInterceptor.java:138) ~[spring-tx-6.2.5.jar:6.2.5]
	... 62 common frames omitted
Caused by: java.sql.SQLSyntaxErrorException: Table 'gestione_commesse.clienti' doesn't exist
	at com.mysql.cj.jdbc.exceptions.SQLError.createSQLException(SQLError.java:120) ~[mysql-connector-java-8.0.28.jar:8.0.28]
	at com.mysql.cj.jdbc.exceptions.SQLExceptionsMapping.translateException(SQLExceptionsMapping.java:122) ~[mysql-connector-java-8.0.28.jar:8.0.28]
	at com.mysql.cj.jdbc.ClientPreparedStatement.executeInternal(ClientPreparedStatement.java:953) ~[mysql-connector-java-8.0.28.jar:8.0.28]
	at com.mysql.cj.jdbc.ClientPreparedStatement.executeQuery(ClientPreparedStatement.java:1009) ~[mysql-connector-java-8.0.28.jar:8.0.28]
	at com.zaxxer.hikari.pool.ProxyPreparedStatement.executeQuery(ProxyPreparedStatement.java:52) ~[HikariCP-5.1.0.jar:na]
	at com.zaxxer.hikari.pool.HikariProxyPreparedStatement.executeQuery(HikariProxyPreparedStatement.java) ~[HikariCP-5.1.0.jar:na]
	at org.hibernate.sql.results.jdbc.internal.DeferredResultSetAccess.executeQuery(DeferredResultSetAccess.java:250) ~[hibernate-core-6.6.11.Final.jar:6.6.11.Final]
	... 90 common frames omitted

2025-12-08T22:09:26.972+01:00 DEBUG 19584 --- [commesse] [0.1-8080-exec-2] o.s.web.servlet.DispatcherServlet        : Failed to complete request: java.lang.NullPointerException: Cannot invoke "java.lang.Double.doubleValue()" because the return value of "com.gestione.commesse.repositories.AttivitaAssegnateRepository.countTotaliParameterM(String)" is null
2025-12-08T22:09:26.972+01:00 DEBUG 19584 --- [commesse] [0.1-8080-exec-7] o.s.web.servlet.DispatcherServlet        : "FORWARD" dispatch for GET "/commesse-0.0.1-SNAPSHOT/error?tipo_soggetto=CLIENTE", parameters={masked}
2025-12-08T22:09:26.973+01:00 DEBUG 19584 --- [commesse] [0.1-8080-exec-7] s.w.s.m.m.a.RequestMappingHandlerMapping : Mapped to org.springframework.boot.autoconfigure.web.servlet.error.BasicErrorController#error(HttpServletRequest)
2025-12-08T22:09:26.972+01:00 ERROR 19584 --- [commesse] [0.1-8080-exec-2] o.s.b.w.servlet.support.ErrorPageFilter  : Forwarding to error page from request [/api/attivitaAssegnate/getMarginePercent] due to exception [Cannot invoke "java.lang.Double.doubleValue()" because the return value of "com.gestione.commesse.repositories.AttivitaAssegnateRepository.countTotaliParameterM(String)" is null]

java.lang.NullPointerException: Cannot invoke "java.lang.Double.doubleValue()" because the return value of "com.gestione.commesse.repositories.AttivitaAssegnateRepository.countTotaliParameterM(String)" is null
	at com.gestione.commesse.services.implementation.AttivitaAssegnateImplementation.calcoloMarginePercent(AttivitaAssegnateImplementation.java:96) ~[classes/:0.0.1-SNAPSHOT]
	at com.gestione.commesse.controller.AttivitaAssegnateController.getMarginePercent(AttivitaAssegnateController.java:111) ~[classes/:0.0.1-SNAPSHOT]
	at java.base/jdk.internal.reflect.DirectMethodHandleAccessor.invoke(DirectMethodHandleAccessor.java:103) ~[na:na]
	at java.base/java.lang.reflect.Method.invoke(Method.java:580) ~[na:na]
	at org.springframework.web.method.support.InvocableHandlerMethod.doInvoke(InvocableHandlerMethod.java:258) ~[spring-web-6.2.5.jar:6.2.5]
	at org.springframework.web.method.support.InvocableHandlerMethod.invokeForRequest(InvocableHandlerMethod.java:191) ~[spring-web-6.2.5.jar:6.2.5]
	at org.springframework.web.servlet.mvc.method.annotation.ServletInvocableHandlerMethod.invokeAndHandle(ServletInvocableHandlerMethod.java:118) ~[spring-webmvc-6.2.5.jar:6.2.5]
	at org.springframework.web.servlet.mvc.method.annotation.RequestMappingHandlerAdapter.invokeHandlerMethod(RequestMappingHandlerAdapter.java:986) ~[spring-webmvc-6.2.5.jar:6.2.5]
	at org.springframework.web.servlet.mvc.method.annotation.RequestMappingHandlerAdapter.handleInternal(RequestMappingHandlerAdapter.java:891) ~[spring-webmvc-6.2.5.jar:6.2.5]
	at org.springframework.web.servlet.mvc.method.AbstractHandlerMethodAdapter.handle(AbstractHandlerMethodAdapter.java:87) ~[spring-webmvc-6.2.5.jar:6.2.5]
	at org.springframework.web.servlet.DispatcherServlet.doDispatch(DispatcherServlet.java:1089) ~[spring-webmvc-6.2.5.jar:6.2.5]
	at org.springframework.web.servlet.DispatcherServlet.doService(DispatcherServlet.java:979) ~[spring-webmvc-6.2.5.jar:6.2.5]
	at org.springframework.web.servlet.FrameworkServlet.processRequest(FrameworkServlet.java:1014) ~[spring-webmvc-6.2.5.jar:6.2.5]
	at org.springframework.web.servlet.FrameworkServlet.doGet(FrameworkServlet.java:903) ~[spring-webmvc-6.2.5.jar:6.2.5]
	at jakarta.servlet.http.HttpServlet.service(HttpServlet.java:564) ~[servlet-api.jar:6.0]
	at org.springframework.web.servlet.FrameworkServlet.service(FrameworkServlet.java:885) ~[spring-webmvc-6.2.5.jar:6.2.5]
	at jakarta.servlet.http.HttpServlet.service(HttpServlet.java:658) ~[servlet-api.jar:6.0]
	at org.apache.catalina.core.ApplicationFilterChain.internalDoFilter(ApplicationFilterChain.java:206) ~[catalina.jar:10.1.20]
	at org.apache.catalina.core.ApplicationFilterChain.doFilter(ApplicationFilterChain.java:150) ~[catalina.jar:10.1.20]
	at org.apache.tomcat.websocket.server.WsFilter.doFilter(WsFilter.java:51) ~[tomcat-websocket.jar:10.1.20]
	at org.apache.catalina.core.ApplicationFilterChain.internalDoFilter(ApplicationFilterChain.java:175) ~[catalina.jar:10.1.20]
	at org.apache.catalina.core.ApplicationFilterChain.doFilter(ApplicationFilterChain.java:150) ~[catalina.jar:10.1.20]
	at org.springframework.web.filter.RequestContextFilter.doFilterInternal(RequestContextFilter.java:100) ~[spring-web-6.2.5.jar:6.2.5]
	at org.springframework.web.filter.OncePerRequestFilter.doFilter(OncePerRequestFilter.java:116) ~[spring-web-6.2.5.jar:6.2.5]
	at org.apache.catalina.core.ApplicationFilterChain.internalDoFilter(ApplicationFilterChain.java:175) ~[catalina.jar:10.1.20]
	at org.apache.catalina.core.ApplicationFilterChain.doFilter(ApplicationFilterChain.java:150) ~[catalina.jar:10.1.20]
	at org.springframework.web.filter.FormContentFilter.doFilterInternal(FormContentFilter.java:93) ~[spring-web-6.2.5.jar:6.2.5]
	at org.springframework.web.filter.OncePerRequestFilter.doFilter(OncePerRequestFilter.java:116) ~[spring-web-6.2.5.jar:6.2.5]
	at org.apache.catalina.core.ApplicationFilterChain.internalDoFilter(ApplicationFilterChain.java:175) ~[catalina.jar:10.1.20]
	at org.apache.catalina.core.ApplicationFilterChain.doFilter(ApplicationFilterChain.java:150) ~[catalina.jar:10.1.20]
	at org.springframework.boot.web.servlet.support.ErrorPageFilter.doFilter(ErrorPageFilter.java:124) ~[spring-boot-3.4.4.jar:3.4.4]
	at org.springframework.boot.web.servlet.support.ErrorPageFilter$1.doFilterInternal(ErrorPageFilter.java:99) ~[spring-boot-3.4.4.jar:3.4.4]
	at org.springframework.web.filter.OncePerRequestFilter.doFilter(OncePerRequestFilter.java:116) ~[spring-web-6.2.5.jar:6.2.5]
	at org.springframework.boot.web.servlet.support.ErrorPageFilter.doFilter(ErrorPageFilter.java:117) ~[spring-boot-3.4.4.jar:3.4.4]
	at org.apache.catalina.core.ApplicationFilterChain.internalDoFilter(ApplicationFilterChain.java:175) ~[catalina.jar:10.1.20]
	at org.apache.catalina.core.ApplicationFilterChain.doFilter(ApplicationFilterChain.java:150) ~[catalina.jar:10.1.20]
	at org.springframework.web.filter.CharacterEncodingFilter.doFilterInternal(CharacterEncodingFilter.java:201) ~[spring-web-6.2.5.jar:6.2.5]
	at org.springframework.web.filter.OncePerRequestFilter.doFilter(OncePerRequestFilter.java:116) ~[spring-web-6.2.5.jar:6.2.5]
	at org.apache.catalina.core.ApplicationFilterChain.internalDoFilter(ApplicationFilterChain.java:175) ~[catalina.jar:10.1.20]
	at org.apache.catalina.core.ApplicationFilterChain.doFilter(ApplicationFilterChain.java:150) ~[catalina.jar:10.1.20]
	at org.apache.catalina.core.StandardWrapperValve.invoke(StandardWrapperValve.java:167) ~[catalina.jar:10.1.20]
	at org.apache.catalina.core.StandardContextValve.invoke(StandardContextValve.java:90) ~[catalina.jar:10.1.20]
	at org.apache.catalina.authenticator.AuthenticatorBase.invoke(AuthenticatorBase.java:482) ~[catalina.jar:10.1.20]
	at org.apache.catalina.core.StandardHostValve.invoke(StandardHostValve.java:115) ~[catalina.jar:10.1.20]
	at org.apache.catalina.valves.ErrorReportValve.invoke(ErrorReportValve.java:93) ~[catalina.jar:10.1.20]
	at org.apache.catalina.valves.AbstractAccessLogValve.invoke(AbstractAccessLogValve.java:673) ~[catalina.jar:10.1.20]
	at org.apache.catalina.core.StandardEngineValve.invoke(StandardEngineValve.java:74) ~[catalina.jar:10.1.20]
	at org.apache.catalina.connector.CoyoteAdapter.service(CoyoteAdapter.java:344) ~[catalina.jar:10.1.20]
	at org.apache.coyote.http11.Http11Processor.service(Http11Processor.java:391) ~[tomcat-coyote.jar:10.1.20]
	at org.apache.coyote.AbstractProcessorLight.process(AbstractProcessorLight.java:63) ~[tomcat-coyote.jar:10.1.20]
	at org.apache.coyote.AbstractProtocol$ConnectionHandler.process(AbstractProtocol.java:896) ~[tomcat-coyote.jar:10.1.20]
	at org.apache.tomcat.util.net.NioEndpoint$SocketProcessor.doRun(NioEndpoint.java:1736) ~[tomcat-coyote.jar:10.1.20]
	at org.apache.tomcat.util.net.SocketProcessorBase.run(SocketProcessorBase.java:52) ~[tomcat-coyote.jar:10.1.20]
	at org.apache.tomcat.util.threads.ThreadPoolExecutor.runWorker(ThreadPoolExecutor.java:1191) ~[tomcat-util.jar:10.1.20]
	at org.apache.tomcat.util.threads.ThreadPoolExecutor$Worker.run(ThreadPoolExecutor.java:659) ~[tomcat-util.jar:10.1.20]
	at org.apache.tomcat.util.threads.TaskThread$WrappingRunnable.run(TaskThread.java:63) ~[tomcat-util.jar:10.1.20]
	at java.base/java.lang.Thread.run(Thread.java:1583) ~[na:na]

2025-12-08T22:09:26.975+01:00 DEBUG 19584 --- [commesse] [0.1-8080-exec-2] o.s.web.servlet.DispatcherServlet        : "FORWARD" dispatch for GET "/commesse-0.0.1-SNAPSHOT/error?codice_commessa=undefined", parameters={masked}
2025-12-08T22:09:26.975+01:00 DEBUG 19584 --- [commesse] [0.1-8080-exec-7] o.s.w.s.m.m.a.HttpEntityMethodProcessor  : Using 'application/json', given [application/json, text/plain, */*] and supported [application/json, application/*+json]
2025-12-08T22:09:26.976+01:00 DEBUG 19584 --- [commesse] [0.1-8080-exec-7] o.s.w.s.m.m.a.HttpEntityMethodProcessor  : Writing [{timestamp=Mon Dec 08 22:09:26 GMT+01:00 2025, status=500, error=Internal Server Error, path=/commes (truncated)...]
2025-12-08T22:09:26.976+01:00 DEBUG 19584 --- [commesse] [0.1-8080-exec-2] s.w.s.m.m.a.RequestMappingHandlerMapping : Mapped to org.springframework.boot.autoconfigure.web.servlet.error.BasicErrorController#error(HttpServletRequest)
2025-12-08T22:09:26.977+01:00 DEBUG 19584 --- [commesse] [0.1-8080-exec-2] o.s.w.s.m.m.a.HttpEntityMethodProcessor  : Using 'application/json', given [application/json, text/plain, */*] and supported [application/json, application/*+json]
2025-12-08T22:09:26.978+01:00 DEBUG 19584 --- [commesse] [0.1-8080-exec-2] o.s.w.s.m.m.a.HttpEntityMethodProcessor  : Writing [{timestamp=Mon Dec 08 22:09:26 GMT+01:00 2025, status=500, error=Internal Server Error, path=/commes (truncated)...]
2025-12-08T22:09:26.978+01:00 DEBUG 19584 --- [commesse] [0.1-8080-exec-7] o.s.web.servlet.DispatcherServlet        : Exiting from "FORWARD" dispatch, status 500
2025-12-08T22:09:26.980+01:00 DEBUG 19584 --- [commesse] [0.1-8080-exec-2] o.s.web.servlet.DispatcherServlet        : Exiting from "FORWARD" dispatch, status 500
2025-12-08T22:09:26.989+01:00 DEBUG 19584 --- [commesse] [0.1-8080-exec-1] org.hibernate.SQL                        : 
    select
        fc1_0.codice_commessa,
        fc1_0.account_riferimento,
        fc1_0.avanzamento_produzione_alla_data,
        fc1_0.descrizione,
        fc1_0.codice_fiscale_cliente_finale,
        fc1_0.codice_fiscale_clienti,
        fc1_0.codice_ordine,
        fc1_0.commerciale,
        fc1_0.costo_totale_alla_data,
        fc1_0.data_inizio_attivita,
        fc1_0.data_inserimento_nuova_commessa,
        fc1_0.data_offerta,
        fc1_0.data_ordine,
        fc1_0.data_rilascio_prevista,
        fc1_0.data_ultimo_aggiornamento,
        fc1_0.idstati,
        fc1_0.margine_euro_alla_data,
        fc1_0.margine_percent_alla_data,
        fc1_0.margine_previsto_euro,
        fc1_0.margine_previsto_percent,
        fc1_0.note,
        fc1_0.numero_gg_u_lavorati_alla_data,
        fc1_0.numero_gg_u_previsti,
        fc1_0.pm,
        fc1_0.ricavo_totale_alla_data,
        fc1_0.totale_costo_previsto,
        fc1_0.valore_ordine,
        fc1_0.valore_totale_stimato 
    from
        commesse fc1_0 
    where
        fc1_0.codice_commessa=?
Hibernate: 
    select
        fc1_0.codice_commessa,
        fc1_0.account_riferimento,
        fc1_0.avanzamento_produzione_alla_data,
        fc1_0.descrizione,
        fc1_0.codice_fiscale_cliente_finale,
        fc1_0.codice_fiscale_clienti,
        fc1_0.codice_ordine,
        fc1_0.commerciale,
        fc1_0.costo_totale_alla_data,
        fc1_0.data_inizio_attivita,
        fc1_0.data_inserimento_nuova_commessa,
        fc1_0.data_offerta,
        fc1_0.data_ordine,
        fc1_0.data_rilascio_prevista,
        fc1_0.data_ultimo_aggiornamento,
        fc1_0.idstati,
        fc1_0.margine_euro_alla_data,
        fc1_0.margine_percent_alla_data,
        fc1_0.margine_previsto_euro,
        fc1_0.margine_previsto_percent,
        fc1_0.note,
        fc1_0.numero_gg_u_lavorati_alla_data,
        fc1_0.numero_gg_u_previsti,
        fc1_0.pm,
        fc1_0.ricavo_totale_alla_data,
        fc1_0.totale_costo_previsto,
        fc1_0.valore_ordine,
        fc1_0.valore_totale_stimato 
    from
        commesse fc1_0 
    where
        fc1_0.codice_commessa=?
2025-12-08T22:09:26.996+01:00  INFO 19584 --- [commesse] [0.1-8080-exec-1] c.g.c.s.i.FoglioCostoImplementation      : com.gestione.commesse.services.implementation.FoglioCostoImplementation : getFoglioCostoByCodiceCommessajava.util.NoSuchElementException: No value present
2025-12-08T22:09:26.999+01:00 DEBUG 19584 --- [commesse] [0.1-8080-exec-1] o.s.w.s.m.m.a.HttpEntityMethodProcessor  : Using 'application/json', given [application/json, text/plain, */*] and supported [application/json, application/*+json]
2025-12-08T22:09:27.000+01:00 DEBUG 19584 --- [commesse] [0.1-8080-exec-1] o.s.w.s.m.m.a.HttpEntityMethodProcessor  : Writing [Optional.empty]
2025-12-08T22:09:27.003+01:00 DEBUG 19584 --- [commesse] [0.1-8080-exec-1] o.s.web.servlet.DispatcherServlet        : Completed 200 OK
